Year,Units,Series,Art der unbezahlten Arbeit,Verstädterungsgrad,Altersklasse,Geschlecht,COMMENT_OBS_0,COMMENT_OBS_1,COMMENT_OBS_2,Value
2010,Euro pro Kopf,Verfügbares Haushaltseinkommen pro Kopf,,,,,,,,19663.084
2011,Euro pro Kopf,Verfügbares Haushaltseinkommen pro Kopf,,,,,,,,20281.719
2012,Euro pro Kopf,Verfügbares Haushaltseinkommen pro Kopf,,,,,,,,20682.553
2013,Euro pro Kopf,Verfügbares Haushaltseinkommen pro Kopf,,,,,,,,20911.783
2014,Euro pro Kopf,Verfügbares Haushaltseinkommen pro Kopf,,,,,,,,21420.157
2015,Euro pro Kopf,Verfügbares Haushaltseinkommen pro Kopf,,,,,,,,21912.423
2016,Euro pro Kopf,Verfügbares Haushaltseinkommen pro Kopf,,,,,,,,22423.394
2017,Euro pro Kopf,Verfügbares Haushaltseinkommen pro Kopf,,,,,,,,23161.108
2018,Euro pro Kopf,Verfügbares Haushaltseinkommen pro Kopf,,,,,,,,24058.887
2019,Euro pro Kopf,Verfügbares Haushaltseinkommen pro Kopf,,,,,,,,24634.551
2020,Euro pro Kopf,Verfügbares Haushaltseinkommen pro Kopf,,,,,,,,24685.581
2021,Euro pro Kopf,Verfügbares Haushaltseinkommen pro Kopf,,,,,,,,25465.406
2022,Euro pro Kopf,Verfügbares Haushaltseinkommen pro Kopf,,,,,,,p,27557.077
2023,Euro pro Kopf,Verfügbares Haushaltseinkommen pro Kopf,,,,,,,p,28999.712
2024,Euro pro Kopf,Verfügbares Haushaltseinkommen pro Kopf,,,,,,,p,30068.633
2025,Euro pro Kopf,Verfügbares Haushaltseinkommen pro Kopf,,,,,,,p,30938.572
2010,Prozent,Quote der Unterauslastung der Arbeitskräfte,,,15 bis unter 75 Jahre,,|,,,12.2
2011,Prozent,Quote der Unterauslastung der Arbeitskräfte,,,15 bis unter 75 Jahre,,|,,,10.7
2012,Prozent,Quote der Unterauslastung der Arbeitskräfte,,,15 bis unter 75 Jahre,,,,,10.0
2013,Prozent,Quote der Unterauslastung der Arbeitskräfte,,,15 bis unter 75 Jahre,,,,,9.8
2014,Prozent,Quote der Unterauslastung der Arbeitskräfte,,,15 bis unter 75 Jahre,,,,,9.2
2015,Prozent,Quote der Unterauslastung der Arbeitskräfte,,,15 bis unter 75 Jahre,,,,,8.8
2016,Prozent,Quote der Unterauslastung der Arbeitskräfte,,,15 bis unter 75 Jahre,,,,,8.2
2017,Prozent,Quote der Unterauslastung der Arbeitskräfte,,,15 bis unter 75 Jahre,,,,,7.6
2018,Prozent,Quote der Unterauslastung der Arbeitskräfte,,,15 bis unter 75 Jahre,,,,,6.9
2019,Prozent,Quote der Unterauslastung der Arbeitskräfte,,,15 bis unter 75 Jahre,,,,,6.4
2020,Prozent,Quote der Unterauslastung der Arbeitskräfte,,,15 bis unter 75 Jahre,,|,,,8.5
2021,Prozent,Quote der Unterauslastung der Arbeitskräfte,,,15 bis unter 75 Jahre,,,,,7.9
2022,Prozent,Quote der Unterauslastung der Arbeitskräfte,,,15 bis unter 75 Jahre,,,,,7.0
2023,Prozent,Quote der Unterauslastung der Arbeitskräfte,,,15 bis unter 75 Jahre,,,,,6.9
2024,Prozent,Quote der Unterauslastung der Arbeitskräfte,,,15 bis unter 75 Jahre,,,,,7.3
2025,Prozent,Quote der Unterauslastung der Arbeitskräfte,,,15 bis unter 75 Jahre,,,,,7.9
2010,Prozent,Quote der Unterauslastung der Arbeitskräfte,,,15 bis unter 75 Jahre,Weiblich,|,,,14.1
2011,Prozent,Quote der Unterauslastung der Arbeitskräfte,,,15 bis unter 75 Jahre,Weiblich,|,,,12.5
2012,Prozent,Quote der Unterauslastung der Arbeitskräfte,,,15 bis unter 75 Jahre,Weiblich,,,,11.7
2013,Prozent,Quote der Unterauslastung der Arbeitskräfte,,,15 bis unter 75 Jahre,Weiblich,,,,11.3
2014,Prozent,Quote der Unterauslastung der Arbeitskräfte,,,15 bis unter 75 Jahre,Weiblich,,,,10.5
2015,Prozent,Quote der Unterauslastung der Arbeitskräfte,,,15 bis unter 75 Jahre,Weiblich,,,,9.9
2016,Prozent,Quote der Unterauslastung der Arbeitskräfte,,,15 bis unter 75 Jahre,Weiblich,,,,9.1
2017,Prozent,Quote der Unterauslastung der Arbeitskräfte,,,15 bis unter 75 Jahre,Weiblich,,,,8.4
2018,Prozent,Quote der Unterauslastung der Arbeitskräfte,,,15 bis unter 75 Jahre,Weiblich,,,,7.4
2019,Prozent,Quote der Unterauslastung der Arbeitskräfte,,,15 bis unter 75 Jahre,Weiblich,,,,6.9
2020,Prozent,Quote der Unterauslastung der Arbeitskräfte,,,15 bis unter 75 Jahre,Weiblich,|,,,9.1
2021,Prozent,Quote der Unterauslastung der Arbeitskräfte,,,15 bis unter 75 Jahre,Weiblich,,,,8.4
2022,Prozent,Quote der Unterauslastung der Arbeitskräfte,,,15 bis unter 75 Jahre,Weiblich,,,,7.5
2023,Prozent,Quote der Unterauslastung der Arbeitskräfte,,,15 bis unter 75 Jahre,Weiblich,,,,7.3
2024,Prozent,Quote der Unterauslastung der Arbeitskräfte,,,15 bis unter 75 Jahre,Weiblich,,,,7.6
2025,Prozent,Quote der Unterauslastung der Arbeitskräfte,,,15 bis unter 75 Jahre,Weiblich,,,,8.2
2010,Prozent,Quote der Unterauslastung der Arbeitskräfte,,,15 bis unter 75 Jahre,Männlich,|,,,10.5
2011,Prozent,Quote der Unterauslastung der Arbeitskräfte,,,15 bis unter 75 Jahre,Männlich,|,,,9.2
2012,Prozent,Quote der Unterauslastung der Arbeitskräfte,,,15 bis unter 75 Jahre,Männlich,,,,8.5
2013,Prozent,Quote der Unterauslastung der Arbeitskräfte,,,15 bis unter 75 Jahre,Männlich,,,,8.4
2014,Prozent,Quote der Unterauslastung der Arbeitskräfte,,,15 bis unter 75 Jahre,Männlich,,,,8.1
2015,Prozent,Quote der Unterauslastung der Arbeitskräfte,,,15 bis unter 75 Jahre,Männlich,,,,7.9
2016,Prozent,Quote der Unterauslastung der Arbeitskräfte,,,15 bis unter 75 Jahre,Männlich,,,,7.3
2017,Prozent,Quote der Unterauslastung der Arbeitskräfte,,,15 bis unter 75 Jahre,Männlich,,,,7.0
2018,Prozent,Quote der Unterauslastung der Arbeitskräfte,,,15 bis unter 75 Jahre,Männlich,,,,6.4
2019,Prozent,Quote der Unterauslastung der Arbeitskräfte,,,15 bis unter 75 Jahre,Männlich,,,,6.0
2020,Prozent,Quote der Unterauslastung der Arbeitskräfte,,,15 bis unter 75 Jahre,Männlich,|,,,7.9
2021,Prozent,Quote der Unterauslastung der Arbeitskräfte,,,15 bis unter 75 Jahre,Männlich,,,,7.5
2022,Prozent,Quote der Unterauslastung der Arbeitskräfte,,,15 bis unter 75 Jahre,Männlich,,,,6.6
2023,Prozent,Quote der Unterauslastung der Arbeitskräfte,,,15 bis unter 75 Jahre,Männlich,,,,6.5
2024,Prozent,Quote der Unterauslastung der Arbeitskräfte,,,15 bis unter 75 Jahre,Männlich,,,,7.0
2025,Prozent,Quote der Unterauslastung der Arbeitskräfte,,,15 bis unter 75 Jahre,Männlich,,,,7.6
2010,Prozent,Quote der Unterauslastung der Arbeitskräfte,,,20 bis unter 65 Jahre,,|,,,12.2
2011,Prozent,Quote der Unterauslastung der Arbeitskräfte,,,20 bis unter 65 Jahre,,|,,,10.7
2012,Prozent,Quote der Unterauslastung der Arbeitskräfte,,,20 bis unter 65 Jahre,,,,,9.9
2013,Prozent,Quote der Unterauslastung der Arbeitskräfte,,,20 bis unter 65 Jahre,,,,,9.8
2014,Prozent,Quote der Unterauslastung der Arbeitskräfte,,,20 bis unter 65 Jahre,,,,,9.3
2015,Prozent,Quote der Unterauslastung der Arbeitskräfte,,,20 bis unter 65 Jahre,,,,,8.8
2016,Prozent,Quote der Unterauslastung der Arbeitskräfte,,,20 bis unter 65 Jahre,,,,,8.1
2017,Prozent,Quote der Unterauslastung der Arbeitskräfte,,,20 bis unter 65 Jahre,,,,,7.6
2018,Prozent,Quote der Unterauslastung der Arbeitskräfte,,,20 bis unter 65 Jahre,,,,,6.9
2019,Prozent,Quote der Unterauslastung der Arbeitskräfte,,,20 bis unter 65 Jahre,,,,,6.4
2020,Prozent,Quote der Unterauslastung der Arbeitskräfte,,,20 bis unter 65 Jahre,,|,,,8.1
2021,Prozent,Quote der Unterauslastung der Arbeitskräfte,,,20 bis unter 65 Jahre,,,,,7.5
2022,Prozent,Quote der Unterauslastung der Arbeitskräfte,,,20 bis unter 65 Jahre,,,,,6.5
2023,Prozent,Quote der Unterauslastung der Arbeitskräfte,,,20 bis unter 65 Jahre,,,,,6.5
2024,Prozent,Quote der Unterauslastung der Arbeitskräfte,,,20 bis unter 65 Jahre,,,,,6.8
2025,Prozent,Quote der Unterauslastung der Arbeitskräfte,,,20 bis unter 65 Jahre,,,,,7.4
2010,Prozent,Quote der Unterauslastung der Arbeitskräfte,,,20 bis unter 65 Jahre,Weiblich,|,,,14.1
2011,Prozent,Quote der Unterauslastung der Arbeitskräfte,,,20 bis unter 65 Jahre,Weiblich,|,,,12.4
2012,Prozent,Quote der Unterauslastung der Arbeitskräfte,,,20 bis unter 65 Jahre,Weiblich,,,,11.6
2013,Prozent,Quote der Unterauslastung der Arbeitskräfte,,,20 bis unter 65 Jahre,Weiblich,,,,11.2
2014,Prozent,Quote der Unterauslastung der Arbeitskräfte,,,20 bis unter 65 Jahre,Weiblich,,,,10.5
2015,Prozent,Quote der Unterauslastung der Arbeitskräfte,,,20 bis unter 65 Jahre,Weiblich,,,,9.8
2016,Prozent,Quote der Unterauslastung der Arbeitskräfte,,,20 bis unter 65 Jahre,Weiblich,,,,9.0
2017,Prozent,Quote der Unterauslastung der Arbeitskräfte,,,20 bis unter 65 Jahre,Weiblich,,,,8.3
2018,Prozent,Quote der Unterauslastung der Arbeitskräfte,,,20 bis unter 65 Jahre,Weiblich,,,,7.3
2019,Prozent,Quote der Unterauslastung der Arbeitskräfte,,,20 bis unter 65 Jahre,Weiblich,,,,6.8
2020,Prozent,Quote der Unterauslastung der Arbeitskräfte,,,20 bis unter 65 Jahre,Weiblich,|,,,8.6
2021,Prozent,Quote der Unterauslastung der Arbeitskräfte,,,20 bis unter 65 Jahre,Weiblich,,,,8.0
2022,Prozent,Quote der Unterauslastung der Arbeitskräfte,,,20 bis unter 65 Jahre,Weiblich,,,,7.0
2023,Prozent,Quote der Unterauslastung der Arbeitskräfte,,,20 bis unter 65 Jahre,Weiblich,,,,7.0
2024,Prozent,Quote der Unterauslastung der Arbeitskräfte,,,20 bis unter 65 Jahre,Weiblich,,,,7.2
2025,Prozent,Quote der Unterauslastung der Arbeitskräfte,,,20 bis unter 65 Jahre,Weiblich,,,,7.8
2010,Prozent,Quote der Unterauslastung der Arbeitskräfte,,,20 bis unter 65 Jahre,Männlich,|,,,10.5
2011,Prozent,Quote der Unterauslastung der Arbeitskräfte,,,20 bis unter 65 Jahre,Männlich,|,,,9.1
2012,Prozent,Quote der Unterauslastung der Arbeitskräfte,,,20 bis unter 65 Jahre,Männlich,,,,8.5
2013,Prozent,Quote der Unterauslastung der Arbeitskräfte,,,20 bis unter 65 Jahre,Männlich,,,,8.5
2014,Prozent,Quote der Unterauslastung der Arbeitskräfte,,,20 bis unter 65 Jahre,Männlich,,,,8.2
2015,Prozent,Quote der Unterauslastung der Arbeitskräfte,,,20 bis unter 65 Jahre,Männlich,,,,7.9
2016,Prozent,Quote der Unterauslastung der Arbeitskräfte,,,20 bis unter 65 Jahre,Männlich,,,,7.4
2017,Prozent,Quote der Unterauslastung der Arbeitskräfte,,,20 bis unter 65 Jahre,Männlich,,,,7.0
2018,Prozent,Quote der Unterauslastung der Arbeitskräfte,,,20 bis unter 65 Jahre,Männlich,,,,6.5
2019,Prozent,Quote der Unterauslastung der Arbeitskräfte,,,20 bis unter 65 Jahre,Männlich,,,,6.0
2020,Prozent,Quote der Unterauslastung der Arbeitskräfte,,,20 bis unter 65 Jahre,Männlich,|,,,7.6
2021,Prozent,Quote der Unterauslastung der Arbeitskräfte,,,20 bis unter 65 Jahre,Männlich,,,,7.1
2022,Prozent,Quote der Unterauslastung der Arbeitskräfte,,,20 bis unter 65 Jahre,Männlich,,,,6.1
2023,Prozent,Quote der Unterauslastung der Arbeitskräfte,,,20 bis unter 65 Jahre,Männlich,,,,6.1
2024,Prozent,Quote der Unterauslastung der Arbeitskräfte,,,20 bis unter 65 Jahre,Männlich,,,,6.4
2025,Prozent,Quote der Unterauslastung der Arbeitskräfte,,,20 bis unter 65 Jahre,Männlich,,,,7.0
2013,Prozent,Zeitaufwand für unbezahlte Haus- und Pflegearbeit,,,,,,,,12.4
2022,Prozent,Zeitaufwand für unbezahlte Haus- und Pflegearbeit,,,,,,,,12.6
2013,Prozent,Zeitaufwand für unbezahlte Haus- und Pflegearbeit,,Städte,,,,,,12.3
2022,Prozent,Zeitaufwand für unbezahlte Haus- und Pflegearbeit,,Städte,,,,,,12.6
2013,Prozent,Zeitaufwand für unbezahlte Haus- und Pflegearbeit,,Ländliche Gebiete,,,,,,12.6
2022,Prozent,Zeitaufwand für unbezahlte Haus- und Pflegearbeit,,Ländliche Gebiete,,,,,,12.9
2013,Prozent,Zeitaufwand für unbezahlte Haus- und Pflegearbeit,,,15 Jahre und älter,,,,,12.8
2022,Prozent,Zeitaufwand für unbezahlte Haus- und Pflegearbeit,,,15 Jahre und älter,,,,,13.1
2013,Prozent,Zeitaufwand für unbezahlte Haus- und Pflegearbeit,,,15 bis unter 25 Jahre,,,,,5.4
2022,Prozent,Zeitaufwand für unbezahlte Haus- und Pflegearbeit,,,15 bis unter 25 Jahre,,,,,5.7
2013,Prozent,Zeitaufwand für unbezahlte Haus- und Pflegearbeit,,,25 bis unter 45 Jahre,,,,,13.6
2022,Prozent,Zeitaufwand für unbezahlte Haus- und Pflegearbeit,,,25 bis unter 45 Jahre,,,,,13.9
2013,Prozent,Zeitaufwand für unbezahlte Haus- und Pflegearbeit,,,45 bis unter 55 Jahre,,,,,13.0
2022,Prozent,Zeitaufwand für unbezahlte Haus- und Pflegearbeit,,,45 bis unter 55 Jahre,,,,,13.0
2013,Prozent,Zeitaufwand für unbezahlte Haus- und Pflegearbeit,,,55 bis unter 65 Jahre,,,,,13.5
2022,Prozent,Zeitaufwand für unbezahlte Haus- und Pflegearbeit,,,55 bis unter 65 Jahre,,,,,13.2
2013,Prozent,Zeitaufwand für unbezahlte Haus- und Pflegearbeit,,,65 Jahre und älter,,,,,15.5
2022,Prozent,Zeitaufwand für unbezahlte Haus- und Pflegearbeit,,,65 Jahre und älter,,,,,15.3
2013,Prozent,Zeitaufwand für unbezahlte Haus- und Pflegearbeit,,,,Weiblich,,,,15.2
2022,Prozent,Zeitaufwand für unbezahlte Haus- und Pflegearbeit,,,,Weiblich,,,,15.1
2013,Prozent,Zeitaufwand für unbezahlte Haus- und Pflegearbeit,,,,Männlich,,,,9.6
2022,Prozent,Zeitaufwand für unbezahlte Haus- und Pflegearbeit,,,,Männlich,,,,10.1
2013,Prozent,Zeitaufwand für unbezahlte Haus- und Pflegearbeit,,Städte,,Weiblich,,,,15.1
2022,Prozent,Zeitaufwand für unbezahlte Haus- und Pflegearbeit,,Städte,,Weiblich,,,,15.1
2013,Prozent,Zeitaufwand für unbezahlte Haus- und Pflegearbeit,,Ländliche Gebiete,,Weiblich,,,,15.5
2022,Prozent,Zeitaufwand für unbezahlte Haus- und Pflegearbeit,,Ländliche Gebiete,,Weiblich,,,,15.4
2013,Prozent,Zeitaufwand für unbezahlte Haus- und Pflegearbeit,,,15 Jahre und älter,Weiblich,,,,15.7
2022,Prozent,Zeitaufwand für unbezahlte Haus- und Pflegearbeit,,,15 Jahre und älter,Weiblich,,,,15.7
2013,Prozent,Zeitaufwand für unbezahlte Haus- und Pflegearbeit,,,15 bis unter 25 Jahre,Weiblich,,,,6.8
2022,Prozent,Zeitaufwand für unbezahlte Haus- und Pflegearbeit,,,15 bis unter 25 Jahre,Weiblich,,,,7.1
2013,Prozent,Zeitaufwand für unbezahlte Haus- und Pflegearbeit,,,25 bis unter 45 Jahre,Weiblich,,,,17.8
2022,Prozent,Zeitaufwand für unbezahlte Haus- und Pflegearbeit,,,25 bis unter 45 Jahre,Weiblich,,,,17.6
2013,Prozent,Zeitaufwand für unbezahlte Haus- und Pflegearbeit,,,45 bis unter 55 Jahre,Weiblich,,,,15.8
2022,Prozent,Zeitaufwand für unbezahlte Haus- und Pflegearbeit,,,45 bis unter 55 Jahre,Weiblich,,,,15.7
2013,Prozent,Zeitaufwand für unbezahlte Haus- und Pflegearbeit,,,55 bis unter 65 Jahre,Weiblich,,,,16.0
2022,Prozent,Zeitaufwand für unbezahlte Haus- und Pflegearbeit,,,55 bis unter 65 Jahre,Weiblich,,,,15.4
2013,Prozent,Zeitaufwand für unbezahlte Haus- und Pflegearbeit,,,65 Jahre und älter,Weiblich,,,,17.5
2022,Prozent,Zeitaufwand für unbezahlte Haus- und Pflegearbeit,,,65 Jahre und älter,Weiblich,,,,16.7
2013,Prozent,Zeitaufwand für unbezahlte Haus- und Pflegearbeit,,Städte,,Männlich,,,,9.6
2022,Prozent,Zeitaufwand für unbezahlte Haus- und Pflegearbeit,,Städte,,Männlich,,,,10.1
2013,Prozent,Zeitaufwand für unbezahlte Haus- und Pflegearbeit,,Ländliche Gebiete,,Männlich,,,,9.8
2022,Prozent,Zeitaufwand für unbezahlte Haus- und Pflegearbeit,,Ländliche Gebiete,,Männlich,,,,10.3
2013,Prozent,Zeitaufwand für unbezahlte Haus- und Pflegearbeit,,,15 Jahre und älter,Männlich,,,,9.9
2022,Prozent,Zeitaufwand für unbezahlte Haus- und Pflegearbeit,,,15 Jahre und älter,Männlich,,,,10.5
2013,Prozent,Zeitaufwand für unbezahlte Haus- und Pflegearbeit,,,15 bis unter 25 Jahre,Männlich,,,,4.1
2022,Prozent,Zeitaufwand für unbezahlte Haus- und Pflegearbeit,,,15 bis unter 25 Jahre,Männlich,,,,4.3
2013,Prozent,Zeitaufwand für unbezahlte Haus- und Pflegearbeit,,,25 bis unter 45 Jahre,Männlich,,,,9.5
2022,Prozent,Zeitaufwand für unbezahlte Haus- und Pflegearbeit,,,25 bis unter 45 Jahre,Männlich,,,,10.1
2013,Prozent,Zeitaufwand für unbezahlte Haus- und Pflegearbeit,,,45 bis unter 55 Jahre,Männlich,,,,10.2
2022,Prozent,Zeitaufwand für unbezahlte Haus- und Pflegearbeit,,,45 bis unter 55 Jahre,Männlich,,,,10.4
2013,Prozent,Zeitaufwand für unbezahlte Haus- und Pflegearbeit,,,55 bis unter 65 Jahre,Männlich,,,,10.9
2022,Prozent,Zeitaufwand für unbezahlte Haus- und Pflegearbeit,,,55 bis unter 65 Jahre,Männlich,,,,10.9
2013,Prozent,Zeitaufwand für unbezahlte Haus- und Pflegearbeit,,,65 Jahre und älter,Männlich,,,,13.6
2022,Prozent,Zeitaufwand für unbezahlte Haus- und Pflegearbeit,,,65 Jahre und älter,Männlich,,,,13.9
2013,Prozent,Zeitaufwand für unbezahlte Haus- und Pflegearbeit,,Städte,15 Jahre und älter,,,,,12.8
2022,Prozent,Zeitaufwand für unbezahlte Haus- und Pflegearbeit,,Städte,15 Jahre und älter,,,,,13.1
2013,Prozent,Zeitaufwand für unbezahlte Haus- und Pflegearbeit,,Städte,15 bis unter 25 Jahre,,,,,5.5
2022,Prozent,Zeitaufwand für unbezahlte Haus- und Pflegearbeit,,Städte,15 bis unter 25 Jahre,,,,,5.9
2013,Prozent,Zeitaufwand für unbezahlte Haus- und Pflegearbeit,,Städte,25 bis unter 45 Jahre,,,,,13.4
2022,Prozent,Zeitaufwand für unbezahlte Haus- und Pflegearbeit,,Städte,25 bis unter 45 Jahre,,,,,13.9
2013,Prozent,Zeitaufwand für unbezahlte Haus- und Pflegearbeit,,Städte,45 bis unter 55 Jahre,,,,,12.9
2022,Prozent,Zeitaufwand für unbezahlte Haus- und Pflegearbeit,,Städte,45 bis unter 55 Jahre,,,,,12.9
2013,Prozent,Zeitaufwand für unbezahlte Haus- und Pflegearbeit,,Städte,55 bis unter 65 Jahre,,,,,13.4
2022,Prozent,Zeitaufwand für unbezahlte Haus- und Pflegearbeit,,Städte,55 bis unter 65 Jahre,,,,,13.0
2013,Prozent,Zeitaufwand für unbezahlte Haus- und Pflegearbeit,,Städte,65 Jahre und älter,,,,,15.6
2022,Prozent,Zeitaufwand für unbezahlte Haus- und Pflegearbeit,,Städte,65 Jahre und älter,,,,,15.0
2013,Prozent,Zeitaufwand für unbezahlte Haus- und Pflegearbeit,,Ländliche Gebiete,15 Jahre und älter,,,,,13.0
2022,Prozent,Zeitaufwand für unbezahlte Haus- und Pflegearbeit,,Ländliche Gebiete,15 Jahre und älter,,,,,13.4
2013,Prozent,Zeitaufwand für unbezahlte Haus- und Pflegearbeit,,Ländliche Gebiete,15 bis unter 25 Jahre,,,,,5.4
2022,Prozent,Zeitaufwand für unbezahlte Haus- und Pflegearbeit,,Ländliche Gebiete,15 bis unter 25 Jahre,,,,,5.0
2013,Prozent,Zeitaufwand für unbezahlte Haus- und Pflegearbeit,,Ländliche Gebiete,25 bis unter 45 Jahre,,,,,14.5
2022,Prozent,Zeitaufwand für unbezahlte Haus- und Pflegearbeit,,Ländliche Gebiete,25 bis unter 45 Jahre,,,,,13.7
2013,Prozent,Zeitaufwand für unbezahlte Haus- und Pflegearbeit,,Ländliche Gebiete,45 bis unter 55 Jahre,,,,,13.2
2022,Prozent,Zeitaufwand für unbezahlte Haus- und Pflegearbeit,,Ländliche Gebiete,45 bis unter 55 Jahre,,,,,13.4
2013,Prozent,Zeitaufwand für unbezahlte Haus- und Pflegearbeit,,Ländliche Gebiete,55 bis unter 65 Jahre,,,,,13.6
2022,Prozent,Zeitaufwand für unbezahlte Haus- und Pflegearbeit,,Ländliche Gebiete,55 bis unter 65 Jahre,,,,,14.0
2013,Prozent,Zeitaufwand für unbezahlte Haus- und Pflegearbeit,,Ländliche Gebiete,65 Jahre und älter,,,,,15.4
2022,Prozent,Zeitaufwand für unbezahlte Haus- und Pflegearbeit,,Ländliche Gebiete,65 Jahre und älter,,,,,16.2
2013,Prozent,Zeitaufwand für unbezahlte Haus- und Pflegearbeit,,Städte,15 Jahre und älter,Weiblich,,,,15.7
2022,Prozent,Zeitaufwand für unbezahlte Haus- und Pflegearbeit,,Städte,15 Jahre und älter,Weiblich,,,,15.7
2013,Prozent,Zeitaufwand für unbezahlte Haus- und Pflegearbeit,,Städte,15 bis unter 25 Jahre,Weiblich,,,,6.9
2022,Prozent,Zeitaufwand für unbezahlte Haus- und Pflegearbeit,,Städte,15 bis unter 25 Jahre,Weiblich,,,,7.3
2013,Prozent,Zeitaufwand für unbezahlte Haus- und Pflegearbeit,,Städte,25 bis unter 45 Jahre,Weiblich,,,,17.5
2022,Prozent,Zeitaufwand für unbezahlte Haus- und Pflegearbeit,,Städte,25 bis unter 45 Jahre,Weiblich,,,,17.7
2013,Prozent,Zeitaufwand für unbezahlte Haus- und Pflegearbeit,,Städte,45 bis unter 55 Jahre,Weiblich,,,,15.7
2022,Prozent,Zeitaufwand für unbezahlte Haus- und Pflegearbeit,,Städte,45 bis unter 55 Jahre,Weiblich,,,,15.6
2013,Prozent,Zeitaufwand für unbezahlte Haus- und Pflegearbeit,,Städte,55 bis unter 65 Jahre,Weiblich,,,,16.1
2022,Prozent,Zeitaufwand für unbezahlte Haus- und Pflegearbeit,,Städte,55 bis unter 65 Jahre,Weiblich,,,,15.3
2013,Prozent,Zeitaufwand für unbezahlte Haus- und Pflegearbeit,,Städte,65 Jahre und älter,Weiblich,,,,17.5
2022,Prozent,Zeitaufwand für unbezahlte Haus- und Pflegearbeit,,Städte,65 Jahre und älter,Weiblich,,,,16.4
2013,Prozent,Zeitaufwand für unbezahlte Haus- und Pflegearbeit,,Ländliche Gebiete,15 Jahre und älter,Weiblich,,,,16.0
2022,Prozent,Zeitaufwand für unbezahlte Haus- und Pflegearbeit,,Ländliche Gebiete,15 Jahre und älter,Weiblich,,,,15.9
2013,Prozent,Zeitaufwand für unbezahlte Haus- und Pflegearbeit,,Ländliche Gebiete,15 bis unter 25 Jahre,Weiblich,,,,6.5
2022,Prozent,Zeitaufwand für unbezahlte Haus- und Pflegearbeit,,Ländliche Gebiete,15 bis unter 25 Jahre,Weiblich,,,,6.2
2013,Prozent,Zeitaufwand für unbezahlte Haus- und Pflegearbeit,,Ländliche Gebiete,25 bis unter 45 Jahre,Weiblich,,,,19.3
2022,Prozent,Zeitaufwand für unbezahlte Haus- und Pflegearbeit,,Ländliche Gebiete,25 bis unter 45 Jahre,Weiblich,,,,17.5
2013,Prozent,Zeitaufwand für unbezahlte Haus- und Pflegearbeit,,Ländliche Gebiete,45 bis unter 55 Jahre,Weiblich,,,,16.1
2022,Prozent,Zeitaufwand für unbezahlte Haus- und Pflegearbeit,,Ländliche Gebiete,45 bis unter 55 Jahre,Weiblich,,,,15.8
2013,Prozent,Zeitaufwand für unbezahlte Haus- und Pflegearbeit,,Ländliche Gebiete,55 bis unter 65 Jahre,Weiblich,,,,15.4
2022,Prozent,Zeitaufwand für unbezahlte Haus- und Pflegearbeit,,Ländliche Gebiete,55 bis unter 65 Jahre,Weiblich,,,,15.8
2013,Prozent,Zeitaufwand für unbezahlte Haus- und Pflegearbeit,,Ländliche Gebiete,65 Jahre und älter,Weiblich,,,,17.6
2022,Prozent,Zeitaufwand für unbezahlte Haus- und Pflegearbeit,,Ländliche Gebiete,65 Jahre und älter,Weiblich,,,,17.4
2013,Prozent,Zeitaufwand für unbezahlte Haus- und Pflegearbeit,,Städte,15 Jahre und älter,Männlich,,,,9.9
2022,Prozent,Zeitaufwand für unbezahlte Haus- und Pflegearbeit,,Städte,15 Jahre und älter,Männlich,,,,10.5
2013,Prozent,Zeitaufwand für unbezahlte Haus- und Pflegearbeit,,Städte,15 bis unter 25 Jahre,Männlich,,,,4.1
2022,Prozent,Zeitaufwand für unbezahlte Haus- und Pflegearbeit,,Städte,15 bis unter 25 Jahre,Männlich,,,,4.4
2013,Prozent,Zeitaufwand für unbezahlte Haus- und Pflegearbeit,,Städte,25 bis unter 45 Jahre,Männlich,,,,9.4
2022,Prozent,Zeitaufwand für unbezahlte Haus- und Pflegearbeit,,Städte,25 bis unter 45 Jahre,Männlich,,,,10.2
2013,Prozent,Zeitaufwand für unbezahlte Haus- und Pflegearbeit,,Städte,45 bis unter 55 Jahre,Männlich,,,,10.2
2022,Prozent,Zeitaufwand für unbezahlte Haus- und Pflegearbeit,,Städte,45 bis unter 55 Jahre,Männlich,,,,10.2
2013,Prozent,Zeitaufwand für unbezahlte Haus- und Pflegearbeit,,Städte,55 bis unter 65 Jahre,Männlich,,,,10.7
2022,Prozent,Zeitaufwand für unbezahlte Haus- und Pflegearbeit,,Städte,55 bis unter 65 Jahre,Männlich,,,,10.6
2013,Prozent,Zeitaufwand für unbezahlte Haus- und Pflegearbeit,,Städte,65 Jahre und älter,Männlich,,,,13.7
2022,Prozent,Zeitaufwand für unbezahlte Haus- und Pflegearbeit,,Städte,65 Jahre und älter,Männlich,,,,13.7
2013,Prozent,Zeitaufwand für unbezahlte Haus- und Pflegearbeit,,Ländliche Gebiete,15 Jahre und älter,Männlich,,,,10.1
2022,Prozent,Zeitaufwand für unbezahlte Haus- und Pflegearbeit,,Ländliche Gebiete,15 Jahre und älter,Männlich,,,,10.8
2013,Prozent,Zeitaufwand für unbezahlte Haus- und Pflegearbeit,,Ländliche Gebiete,15 bis unter 25 Jahre,Männlich,,,,4.3
2022,Prozent,Zeitaufwand für unbezahlte Haus- und Pflegearbeit,,Ländliche Gebiete,15 bis unter 25 Jahre,Männlich,,,,3.8
2013,Prozent,Zeitaufwand für unbezahlte Haus- und Pflegearbeit,,Ländliche Gebiete,25 bis unter 45 Jahre,Männlich,,,,9.8
2022,Prozent,Zeitaufwand für unbezahlte Haus- und Pflegearbeit,,Ländliche Gebiete,25 bis unter 45 Jahre,Männlich,,,,9.9
2013,Prozent,Zeitaufwand für unbezahlte Haus- und Pflegearbeit,,Ländliche Gebiete,45 bis unter 55 Jahre,Männlich,,,,10.2
2022,Prozent,Zeitaufwand für unbezahlte Haus- und Pflegearbeit,,Ländliche Gebiete,45 bis unter 55 Jahre,Männlich,,,,11.0
2013,Prozent,Zeitaufwand für unbezahlte Haus- und Pflegearbeit,,Ländliche Gebiete,55 bis unter 65 Jahre,Männlich,,,,11.9
2022,Prozent,Zeitaufwand für unbezahlte Haus- und Pflegearbeit,,Ländliche Gebiete,55 bis unter 65 Jahre,Männlich,,,,12.2
2013,Prozent,Zeitaufwand für unbezahlte Haus- und Pflegearbeit,,Ländliche Gebiete,65 Jahre und älter,Männlich,,,,13.2
2022,Prozent,Zeitaufwand für unbezahlte Haus- und Pflegearbeit,,Ländliche Gebiete,65 Jahre und älter,Männlich,,,,14.9
2013,Prozent,Zeitaufwand für unbezahlte Haus- und Pflegearbeit,Hausarbeit,,,,,,,11.2
2022,Prozent,Zeitaufwand für unbezahlte Haus- und Pflegearbeit,Hausarbeit,,,,,,,10.9
2013,Prozent,Zeitaufwand für unbezahlte Haus- und Pflegearbeit,Hausarbeit,Städte,,,,,,11.1
2022,Prozent,Zeitaufwand für unbezahlte Haus- und Pflegearbeit,Hausarbeit,Städte,,,,,,10.9
2013,Prozent,Zeitaufwand für unbezahlte Haus- und Pflegearbeit,Hausarbeit,Ländliche Gebiete,,,,,,11.5
2022,Prozent,Zeitaufwand für unbezahlte Haus- und Pflegearbeit,Hausarbeit,Ländliche Gebiete,,,,,,11.3
2013,Prozent,Zeitaufwand für unbezahlte Haus- und Pflegearbeit,Hausarbeit,,15 Jahre und älter,,,,,11.6
2022,Prozent,Zeitaufwand für unbezahlte Haus- und Pflegearbeit,Hausarbeit,,15 Jahre und älter,,,,,11.3
2013,Prozent,Zeitaufwand für unbezahlte Haus- und Pflegearbeit,Hausarbeit,,15 bis unter 25 Jahre,,,,,5.2
2022,Prozent,Zeitaufwand für unbezahlte Haus- und Pflegearbeit,Hausarbeit,,15 bis unter 25 Jahre,,,,,5.4
2013,Prozent,Zeitaufwand für unbezahlte Haus- und Pflegearbeit,Hausarbeit,,25 bis unter 45 Jahre,,,,,10.2
2022,Prozent,Zeitaufwand für unbezahlte Haus- und Pflegearbeit,Hausarbeit,,25 bis unter 45 Jahre,,,,,9.3
2013,Prozent,Zeitaufwand für unbezahlte Haus- und Pflegearbeit,Hausarbeit,,45 bis unter 55 Jahre,,,,,12.2
2022,Prozent,Zeitaufwand für unbezahlte Haus- und Pflegearbeit,Hausarbeit,,45 bis unter 55 Jahre,,,,,11.5
2013,Prozent,Zeitaufwand für unbezahlte Haus- und Pflegearbeit,Hausarbeit,,55 bis unter 65 Jahre,,,,,13.2
2022,Prozent,Zeitaufwand für unbezahlte Haus- und Pflegearbeit,Hausarbeit,,55 bis unter 65 Jahre,,,,,12.9
2013,Prozent,Zeitaufwand für unbezahlte Haus- und Pflegearbeit,Hausarbeit,,65 Jahre und älter,,,,,15.4
2022,Prozent,Zeitaufwand für unbezahlte Haus- und Pflegearbeit,Hausarbeit,,65 Jahre und älter,,,,,15.1
2013,Prozent,Zeitaufwand für unbezahlte Haus- und Pflegearbeit,Hausarbeit,,,Weiblich,,,,13.6
2022,Prozent,Zeitaufwand für unbezahlte Haus- und Pflegearbeit,Hausarbeit,,,Weiblich,,,,12.9
2013,Prozent,Zeitaufwand für unbezahlte Haus- und Pflegearbeit,Hausarbeit,,,Männlich,,,,8.8
2022,Prozent,Zeitaufwand für unbezahlte Haus- und Pflegearbeit,Hausarbeit,,,Männlich,,,,9.0
2013,Prozent,Zeitaufwand für unbezahlte Haus- und Pflegearbeit,Hausarbeit,Städte,,Weiblich,,,,13.5
2022,Prozent,Zeitaufwand für unbezahlte Haus- und Pflegearbeit,Hausarbeit,Städte,,Weiblich,,,,12.8
2013,Prozent,Zeitaufwand für unbezahlte Haus- und Pflegearbeit,Hausarbeit,Ländliche Gebiete,,Weiblich,,,,13.9
2022,Prozent,Zeitaufwand für unbezahlte Haus- und Pflegearbeit,Hausarbeit,Ländliche Gebiete,,Weiblich,,,,13.3
2013,Prozent,Zeitaufwand für unbezahlte Haus- und Pflegearbeit,Hausarbeit,,15 Jahre und älter,Weiblich,,,,14.0
2022,Prozent,Zeitaufwand für unbezahlte Haus- und Pflegearbeit,Hausarbeit,,15 Jahre und älter,Weiblich,,,,13.4
2013,Prozent,Zeitaufwand für unbezahlte Haus- und Pflegearbeit,Hausarbeit,,15 bis unter 25 Jahre,Weiblich,,,,6.4
2022,Prozent,Zeitaufwand für unbezahlte Haus- und Pflegearbeit,Hausarbeit,,15 bis unter 25 Jahre,Weiblich,,,,6.7
2013,Prozent,Zeitaufwand für unbezahlte Haus- und Pflegearbeit,Hausarbeit,,25 bis unter 45 Jahre,Weiblich,,,,12.9
2022,Prozent,Zeitaufwand für unbezahlte Haus- und Pflegearbeit,Hausarbeit,,25 bis unter 45 Jahre,Weiblich,,,,11.3
2013,Prozent,Zeitaufwand für unbezahlte Haus- und Pflegearbeit,Hausarbeit,,45 bis unter 55 Jahre,Weiblich,,,,14.9
2022,Prozent,Zeitaufwand für unbezahlte Haus- und Pflegearbeit,Hausarbeit,,45 bis unter 55 Jahre,Weiblich,,,,14.0
2013,Prozent,Zeitaufwand für unbezahlte Haus- und Pflegearbeit,Hausarbeit,,55 bis unter 65 Jahre,Weiblich,,,,15.7
2022,Prozent,Zeitaufwand für unbezahlte Haus- und Pflegearbeit,Hausarbeit,,55 bis unter 65 Jahre,Weiblich,,,,15.2
2013,Prozent,Zeitaufwand für unbezahlte Haus- und Pflegearbeit,Hausarbeit,,65 Jahre und älter,Weiblich,,,,17.3
2022,Prozent,Zeitaufwand für unbezahlte Haus- und Pflegearbeit,Hausarbeit,,65 Jahre und älter,Weiblich,,,,16.5
2013,Prozent,Zeitaufwand für unbezahlte Haus- und Pflegearbeit,Hausarbeit,Städte,,Männlich,,,,8.8
2022,Prozent,Zeitaufwand für unbezahlte Haus- und Pflegearbeit,Hausarbeit,Städte,,Männlich,,,,8.9
2013,Prozent,Zeitaufwand für unbezahlte Haus- und Pflegearbeit,Hausarbeit,Ländliche Gebiete,,Männlich,,,,9.1
2022,Prozent,Zeitaufwand für unbezahlte Haus- und Pflegearbeit,Hausarbeit,Ländliche Gebiete,,Männlich,,,,9.3
2013,Prozent,Zeitaufwand für unbezahlte Haus- und Pflegearbeit,Hausarbeit,,15 Jahre und älter,Männlich,,,,9.1
2022,Prozent,Zeitaufwand für unbezahlte Haus- und Pflegearbeit,Hausarbeit,,15 Jahre und älter,Männlich,,,,9.3
2013,Prozent,Zeitaufwand für unbezahlte Haus- und Pflegearbeit,Hausarbeit,,15 bis unter 25 Jahre,Männlich,,,,4.0
2022,Prozent,Zeitaufwand für unbezahlte Haus- und Pflegearbeit,Hausarbeit,,15 bis unter 25 Jahre,Männlich,,,,4.1
2013,Prozent,Zeitaufwand für unbezahlte Haus- und Pflegearbeit,Hausarbeit,,25 bis unter 45 Jahre,Männlich,,,,7.5
2022,Prozent,Zeitaufwand für unbezahlte Haus- und Pflegearbeit,Hausarbeit,,25 bis unter 45 Jahre,Männlich,,,,7.3
2013,Prozent,Zeitaufwand für unbezahlte Haus- und Pflegearbeit,Hausarbeit,,45 bis unter 55 Jahre,Männlich,,,,9.5
2022,Prozent,Zeitaufwand für unbezahlte Haus- und Pflegearbeit,Hausarbeit,,45 bis unter 55 Jahre,Männlich,,,,9.0
2013,Prozent,Zeitaufwand für unbezahlte Haus- und Pflegearbeit,Hausarbeit,,55 bis unter 65 Jahre,Männlich,,,,10.6
2022,Prozent,Zeitaufwand für unbezahlte Haus- und Pflegearbeit,Hausarbeit,,55 bis unter 65 Jahre,Männlich,,,,10.6
2013,Prozent,Zeitaufwand für unbezahlte Haus- und Pflegearbeit,Hausarbeit,,65 Jahre und älter,Männlich,,,,13.4
2022,Prozent,Zeitaufwand für unbezahlte Haus- und Pflegearbeit,Hausarbeit,,65 Jahre und älter,Männlich,,,,13.7
2013,Prozent,Zeitaufwand für unbezahlte Haus- und Pflegearbeit,Hausarbeit,Städte,15 Jahre und älter,,,,,11.5
2022,Prozent,Zeitaufwand für unbezahlte Haus- und Pflegearbeit,Hausarbeit,Städte,15 Jahre und älter,,,,,11.3
2013,Prozent,Zeitaufwand für unbezahlte Haus- und Pflegearbeit,Hausarbeit,Städte,15 bis unter 25 Jahre,,,,,5.2
2022,Prozent,Zeitaufwand für unbezahlte Haus- und Pflegearbeit,Hausarbeit,Städte,15 bis unter 25 Jahre,,,,,5.6
2013,Prozent,Zeitaufwand für unbezahlte Haus- und Pflegearbeit,Hausarbeit,Städte,25 bis unter 45 Jahre,,,,,10.0
2022,Prozent,Zeitaufwand für unbezahlte Haus- und Pflegearbeit,Hausarbeit,Städte,25 bis unter 45 Jahre,,,,,9.2
2013,Prozent,Zeitaufwand für unbezahlte Haus- und Pflegearbeit,Hausarbeit,Städte,45 bis unter 55 Jahre,,,,,12.1
2022,Prozent,Zeitaufwand für unbezahlte Haus- und Pflegearbeit,Hausarbeit,Städte,45 bis unter 55 Jahre,,,,,11.4
2013,Prozent,Zeitaufwand für unbezahlte Haus- und Pflegearbeit,Hausarbeit,Städte,55 bis unter 65 Jahre,,,,,13.1
2022,Prozent,Zeitaufwand für unbezahlte Haus- und Pflegearbeit,Hausarbeit,Städte,55 bis unter 65 Jahre,,,,,12.7
2013,Prozent,Zeitaufwand für unbezahlte Haus- und Pflegearbeit,Hausarbeit,Städte,65 Jahre und älter,,,,,15.4
2022,Prozent,Zeitaufwand für unbezahlte Haus- und Pflegearbeit,Hausarbeit,Städte,65 Jahre und älter,,,,,14.9
2013,Prozent,Zeitaufwand für unbezahlte Haus- und Pflegearbeit,Hausarbeit,Ländliche Gebiete,15 Jahre und älter,,,,,11.9
2022,Prozent,Zeitaufwand für unbezahlte Haus- und Pflegearbeit,Hausarbeit,Ländliche Gebiete,15 Jahre und älter,,,,,11.7
2013,Prozent,Zeitaufwand für unbezahlte Haus- und Pflegearbeit,Hausarbeit,Ländliche Gebiete,15 bis unter 25 Jahre,,,,,5.1
2022,Prozent,Zeitaufwand für unbezahlte Haus- und Pflegearbeit,Hausarbeit,Ländliche Gebiete,15 bis unter 25 Jahre,,,,,4.9
2013,Prozent,Zeitaufwand für unbezahlte Haus- und Pflegearbeit,Hausarbeit,Ländliche Gebiete,25 bis unter 45 Jahre,,,,,11.2
2022,Prozent,Zeitaufwand für unbezahlte Haus- und Pflegearbeit,Hausarbeit,Ländliche Gebiete,25 bis unter 45 Jahre,,,,,9.4
2013,Prozent,Zeitaufwand für unbezahlte Haus- und Pflegearbeit,Hausarbeit,Ländliche Gebiete,45 bis unter 55 Jahre,,,,,12.6
2022,Prozent,Zeitaufwand für unbezahlte Haus- und Pflegearbeit,Hausarbeit,Ländliche Gebiete,45 bis unter 55 Jahre,,,,,12.1
2013,Prozent,Zeitaufwand für unbezahlte Haus- und Pflegearbeit,Hausarbeit,Ländliche Gebiete,55 bis unter 65 Jahre,,,,,13.5
2022,Prozent,Zeitaufwand für unbezahlte Haus- und Pflegearbeit,Hausarbeit,Ländliche Gebiete,55 bis unter 65 Jahre,,,,,13.6
2013,Prozent,Zeitaufwand für unbezahlte Haus- und Pflegearbeit,Hausarbeit,Ländliche Gebiete,65 Jahre und älter,,,,,15.2
2022,Prozent,Zeitaufwand für unbezahlte Haus- und Pflegearbeit,Hausarbeit,Ländliche Gebiete,65 Jahre und älter,,,,,16.0
2013,Prozent,Zeitaufwand für unbezahlte Haus- und Pflegearbeit,Hausarbeit,Städte,15 Jahre und älter,Weiblich,,,,13.9
2022,Prozent,Zeitaufwand für unbezahlte Haus- und Pflegearbeit,Hausarbeit,Städte,15 Jahre und älter,Weiblich,,,,13.3
2013,Prozent,Zeitaufwand für unbezahlte Haus- und Pflegearbeit,Hausarbeit,Städte,15 bis unter 25 Jahre,Weiblich,,,,6.5
2022,Prozent,Zeitaufwand für unbezahlte Haus- und Pflegearbeit,Hausarbeit,Städte,15 bis unter 25 Jahre,Weiblich,,,,6.9
2013,Prozent,Zeitaufwand für unbezahlte Haus- und Pflegearbeit,Hausarbeit,Städte,25 bis unter 45 Jahre,Weiblich,,,,12.5
2022,Prozent,Zeitaufwand für unbezahlte Haus- und Pflegearbeit,Hausarbeit,Städte,25 bis unter 45 Jahre,Weiblich,,,,11.3
2013,Prozent,Zeitaufwand für unbezahlte Haus- und Pflegearbeit,Hausarbeit,Städte,45 bis unter 55 Jahre,Weiblich,,,,14.8
2022,Prozent,Zeitaufwand für unbezahlte Haus- und Pflegearbeit,Hausarbeit,Städte,45 bis unter 55 Jahre,Weiblich,,,,13.9
2013,Prozent,Zeitaufwand für unbezahlte Haus- und Pflegearbeit,Hausarbeit,Städte,55 bis unter 65 Jahre,Weiblich,,,,15.9
2022,Prozent,Zeitaufwand für unbezahlte Haus- und Pflegearbeit,Hausarbeit,Städte,55 bis unter 65 Jahre,Weiblich,,,,15.1
2013,Prozent,Zeitaufwand für unbezahlte Haus- und Pflegearbeit,Hausarbeit,Städte,65 Jahre und älter,Weiblich,,,,17.3
2022,Prozent,Zeitaufwand für unbezahlte Haus- und Pflegearbeit,Hausarbeit,Städte,65 Jahre und älter,Weiblich,,,,16.3
2013,Prozent,Zeitaufwand für unbezahlte Haus- und Pflegearbeit,Hausarbeit,Ländliche Gebiete,15 Jahre und älter,Weiblich,,,,14.4
2022,Prozent,Zeitaufwand für unbezahlte Haus- und Pflegearbeit,Hausarbeit,Ländliche Gebiete,15 Jahre und älter,Weiblich,,,,13.7
2013,Prozent,Zeitaufwand für unbezahlte Haus- und Pflegearbeit,Hausarbeit,Ländliche Gebiete,15 bis unter 25 Jahre,Weiblich,,,,5.9
2022,Prozent,Zeitaufwand für unbezahlte Haus- und Pflegearbeit,Hausarbeit,Ländliche Gebiete,15 bis unter 25 Jahre,Weiblich,,,,6.0
2013,Prozent,Zeitaufwand für unbezahlte Haus- und Pflegearbeit,Hausarbeit,Ländliche Gebiete,25 bis unter 45 Jahre,Weiblich,,,,14.4
2022,Prozent,Zeitaufwand für unbezahlte Haus- und Pflegearbeit,Hausarbeit,Ländliche Gebiete,25 bis unter 45 Jahre,Weiblich,,,,11.2
2013,Prozent,Zeitaufwand für unbezahlte Haus- und Pflegearbeit,Hausarbeit,Ländliche Gebiete,45 bis unter 55 Jahre,Weiblich,,,,15.5
2022,Prozent,Zeitaufwand für unbezahlte Haus- und Pflegearbeit,Hausarbeit,Ländliche Gebiete,45 bis unter 55 Jahre,Weiblich,,,,14.3
2013,Prozent,Zeitaufwand für unbezahlte Haus- und Pflegearbeit,Hausarbeit,Ländliche Gebiete,55 bis unter 65 Jahre,Weiblich,,,,15.2
2022,Prozent,Zeitaufwand für unbezahlte Haus- und Pflegearbeit,Hausarbeit,Ländliche Gebiete,55 bis unter 65 Jahre,Weiblich,,,,15.4
2013,Prozent,Zeitaufwand für unbezahlte Haus- und Pflegearbeit,Hausarbeit,Ländliche Gebiete,65 Jahre und älter,Weiblich,,,,17.4
2022,Prozent,Zeitaufwand für unbezahlte Haus- und Pflegearbeit,Hausarbeit,Ländliche Gebiete,65 Jahre und älter,Weiblich,,,,17.3
2013,Prozent,Zeitaufwand für unbezahlte Haus- und Pflegearbeit,Hausarbeit,Städte,15 Jahre und älter,Männlich,,,,9.1
2022,Prozent,Zeitaufwand für unbezahlte Haus- und Pflegearbeit,Hausarbeit,Städte,15 Jahre und älter,Männlich,,,,9.2
2013,Prozent,Zeitaufwand für unbezahlte Haus- und Pflegearbeit,Hausarbeit,Städte,15 bis unter 25 Jahre,Männlich,,,,4.0
2022,Prozent,Zeitaufwand für unbezahlte Haus- und Pflegearbeit,Hausarbeit,Städte,15 bis unter 25 Jahre,Männlich,,,,4.3
2013,Prozent,Zeitaufwand für unbezahlte Haus- und Pflegearbeit,Hausarbeit,Städte,25 bis unter 45 Jahre,Männlich,,,,7.4
2022,Prozent,Zeitaufwand für unbezahlte Haus- und Pflegearbeit,Hausarbeit,Städte,25 bis unter 45 Jahre,Männlich,,,,7.2
2013,Prozent,Zeitaufwand für unbezahlte Haus- und Pflegearbeit,Hausarbeit,Städte,45 bis unter 55 Jahre,Männlich,,,,9.4
2022,Prozent,Zeitaufwand für unbezahlte Haus- und Pflegearbeit,Hausarbeit,Städte,45 bis unter 55 Jahre,Männlich,,,,8.8
2013,Prozent,Zeitaufwand für unbezahlte Haus- und Pflegearbeit,Hausarbeit,Städte,55 bis unter 65 Jahre,Männlich,,,,10.4
2022,Prozent,Zeitaufwand für unbezahlte Haus- und Pflegearbeit,Hausarbeit,Städte,55 bis unter 65 Jahre,Männlich,,,,10.4
2013,Prozent,Zeitaufwand für unbezahlte Haus- und Pflegearbeit,Hausarbeit,Städte,65 Jahre und älter,Männlich,,,,13.5
2022,Prozent,Zeitaufwand für unbezahlte Haus- und Pflegearbeit,Hausarbeit,Städte,65 Jahre und älter,Männlich,,,,13.5
2013,Prozent,Zeitaufwand für unbezahlte Haus- und Pflegearbeit,Hausarbeit,Ländliche Gebiete,15 Jahre und älter,Männlich,,,,9.4
2022,Prozent,Zeitaufwand für unbezahlte Haus- und Pflegearbeit,Hausarbeit,Ländliche Gebiete,15 Jahre und älter,Männlich,,,,9.7
2013,Prozent,Zeitaufwand für unbezahlte Haus- und Pflegearbeit,Hausarbeit,Ländliche Gebiete,15 bis unter 25 Jahre,Männlich,,,,4.3
2022,Prozent,Zeitaufwand für unbezahlte Haus- und Pflegearbeit,Hausarbeit,Ländliche Gebiete,15 bis unter 25 Jahre,Männlich,,,,3.8
2013,Prozent,Zeitaufwand für unbezahlte Haus- und Pflegearbeit,Hausarbeit,Ländliche Gebiete,25 bis unter 45 Jahre,Männlich,,,,8.1
2022,Prozent,Zeitaufwand für unbezahlte Haus- und Pflegearbeit,Hausarbeit,Ländliche Gebiete,25 bis unter 45 Jahre,Männlich,,,,7.6
2013,Prozent,Zeitaufwand für unbezahlte Haus- und Pflegearbeit,Hausarbeit,Ländliche Gebiete,45 bis unter 55 Jahre,Männlich,,,,9.7
2022,Prozent,Zeitaufwand für unbezahlte Haus- und Pflegearbeit,Hausarbeit,Ländliche Gebiete,45 bis unter 55 Jahre,Männlich,,,,9.8
2013,Prozent,Zeitaufwand für unbezahlte Haus- und Pflegearbeit,Hausarbeit,Ländliche Gebiete,55 bis unter 65 Jahre,Männlich,,,,11.7
2022,Prozent,Zeitaufwand für unbezahlte Haus- und Pflegearbeit,Hausarbeit,Ländliche Gebiete,55 bis unter 65 Jahre,Männlich,,,,11.8
2013,Prozent,Zeitaufwand für unbezahlte Haus- und Pflegearbeit,Hausarbeit,Ländliche Gebiete,65 Jahre und älter,Männlich,,,,13.1
2022,Prozent,Zeitaufwand für unbezahlte Haus- und Pflegearbeit,Hausarbeit,Ländliche Gebiete,65 Jahre und älter,Männlich,,,,14.8
2013,Prozent,Zeitaufwand für unbezahlte Haus- und Pflegearbeit,Pflegearbeit,,,,,,,1.2
2022,Prozent,Zeitaufwand für unbezahlte Haus- und Pflegearbeit,Pflegearbeit,,,,,,,1.7
2013,Prozent,Zeitaufwand für unbezahlte Haus- und Pflegearbeit,Pflegearbeit,Städte,,,,,,1.2
2022,Prozent,Zeitaufwand für unbezahlte Haus- und Pflegearbeit,Pflegearbeit,Städte,,,,,,1.7
2013,Prozent,Zeitaufwand für unbezahlte Haus- und Pflegearbeit,Pflegearbeit,Ländliche Gebiete,,,,,,1.1
2022,Prozent,Zeitaufwand für unbezahlte Haus- und Pflegearbeit,Pflegearbeit,Ländliche Gebiete,,,,,,1.6
2013,Prozent,Zeitaufwand für unbezahlte Haus- und Pflegearbeit,Pflegearbeit,,15 Jahre und älter,,,,,1.3
2022,Prozent,Zeitaufwand für unbezahlte Haus- und Pflegearbeit,Pflegearbeit,,15 Jahre und älter,,,,,1.8
2013,Prozent,Zeitaufwand für unbezahlte Haus- und Pflegearbeit,Pflegearbeit,,25 bis unter 45 Jahre,,,,,3.4
2022,Prozent,Zeitaufwand für unbezahlte Haus- und Pflegearbeit,Pflegearbeit,,25 bis unter 45 Jahre,,,,,4.6
2013,Prozent,Zeitaufwand für unbezahlte Haus- und Pflegearbeit,Pflegearbeit,,45 bis unter 55 Jahre,,,,,0.8
2022,Prozent,Zeitaufwand für unbezahlte Haus- und Pflegearbeit,Pflegearbeit,,45 bis unter 55 Jahre,,,,,1.5
2022,Prozent,Zeitaufwand für unbezahlte Haus- und Pflegearbeit,Pflegearbeit,,55 bis unter 65 Jahre,,,,,0.3
2013,Prozent,Zeitaufwand für unbezahlte Haus- und Pflegearbeit,Pflegearbeit,,,Weiblich,,,,1.6
2022,Prozent,Zeitaufwand für unbezahlte Haus- und Pflegearbeit,Pflegearbeit,,,Weiblich,,,,2.2
2013,Prozent,Zeitaufwand für unbezahlte Haus- und Pflegearbeit,Pflegearbeit,,,Männlich,,,,0.8
2022,Prozent,Zeitaufwand für unbezahlte Haus- und Pflegearbeit,Pflegearbeit,,,Männlich,,,,1.2
2013,Prozent,Zeitaufwand für unbezahlte Haus- und Pflegearbeit,Pflegearbeit,Städte,,Weiblich,,,,1.6
2022,Prozent,Zeitaufwand für unbezahlte Haus- und Pflegearbeit,Pflegearbeit,Städte,,Weiblich,,,,2.2
2013,Prozent,Zeitaufwand für unbezahlte Haus- und Pflegearbeit,Pflegearbeit,Ländliche Gebiete,,Weiblich,,,,1.5
2022,Prozent,Zeitaufwand für unbezahlte Haus- und Pflegearbeit,Pflegearbeit,Ländliche Gebiete,,Weiblich,,,,2.1
2013,Prozent,Zeitaufwand für unbezahlte Haus- und Pflegearbeit,Pflegearbeit,,15 Jahre und älter,Weiblich,,,,1.7
2022,Prozent,Zeitaufwand für unbezahlte Haus- und Pflegearbeit,Pflegearbeit,,15 Jahre und älter,Weiblich,,,,2.3
2013,Prozent,Zeitaufwand für unbezahlte Haus- und Pflegearbeit,Pflegearbeit,,25 bis unter 45 Jahre,Weiblich,,,,5.0
2022,Prozent,Zeitaufwand für unbezahlte Haus- und Pflegearbeit,Pflegearbeit,,25 bis unter 45 Jahre,Weiblich,,,,6.4
2013,Prozent,Zeitaufwand für unbezahlte Haus- und Pflegearbeit,Pflegearbeit,,45 bis unter 55 Jahre,Weiblich,,,,0.9
2022,Prozent,Zeitaufwand für unbezahlte Haus- und Pflegearbeit,Pflegearbeit,,45 bis unter 55 Jahre,Weiblich,,,,1.7
2022,Prozent,Zeitaufwand für unbezahlte Haus- und Pflegearbeit,Pflegearbeit,,55 bis unter 65 Jahre,Weiblich,,,,0.3
2013,Prozent,Zeitaufwand für unbezahlte Haus- und Pflegearbeit,Pflegearbeit,Städte,,Männlich,,,,0.8
2022,Prozent,Zeitaufwand für unbezahlte Haus- und Pflegearbeit,Pflegearbeit,Städte,,Männlich,,,,1.2
2013,Prozent,Zeitaufwand für unbezahlte Haus- und Pflegearbeit,Pflegearbeit,Ländliche Gebiete,,Männlich,,,,0.6
2022,Prozent,Zeitaufwand für unbezahlte Haus- und Pflegearbeit,Pflegearbeit,Ländliche Gebiete,,Männlich,,,,1.0
2013,Prozent,Zeitaufwand für unbezahlte Haus- und Pflegearbeit,Pflegearbeit,,15 Jahre und älter,Männlich,,,,0.8
2022,Prozent,Zeitaufwand für unbezahlte Haus- und Pflegearbeit,Pflegearbeit,,15 Jahre und älter,Männlich,,,,1.2
2013,Prozent,Zeitaufwand für unbezahlte Haus- und Pflegearbeit,Pflegearbeit,,25 bis unter 45 Jahre,Männlich,,,,1.9
2022,Prozent,Zeitaufwand für unbezahlte Haus- und Pflegearbeit,Pflegearbeit,,25 bis unter 45 Jahre,Männlich,,,,2.8
2013,Prozent,Zeitaufwand für unbezahlte Haus- und Pflegearbeit,Pflegearbeit,,45 bis unter 55 Jahre,Männlich,,,,0.7
2022,Prozent,Zeitaufwand für unbezahlte Haus- und Pflegearbeit,Pflegearbeit,,45 bis unter 55 Jahre,Männlich,,,,1.4
2013,Prozent,Zeitaufwand für unbezahlte Haus- und Pflegearbeit,Pflegearbeit,,55 bis unter 65 Jahre,Männlich,,,,0.3
2022,Prozent,Zeitaufwand für unbezahlte Haus- und Pflegearbeit,Pflegearbeit,,55 bis unter 65 Jahre,Männlich,,,,0.3
2013,Prozent,Zeitaufwand für unbezahlte Haus- und Pflegearbeit,Pflegearbeit,Städte,15 Jahre und älter,,,,,1.3
2022,Prozent,Zeitaufwand für unbezahlte Haus- und Pflegearbeit,Pflegearbeit,Städte,15 Jahre und älter,,,,,1.8
2013,Prozent,Zeitaufwand für unbezahlte Haus- und Pflegearbeit,Pflegearbeit,Städte,25 bis unter 45 Jahre,,,,,3.5
2022,Prozent,Zeitaufwand für unbezahlte Haus- und Pflegearbeit,Pflegearbeit,Städte,25 bis unter 45 Jahre,,,,,4.7
2013,Prozent,Zeitaufwand für unbezahlte Haus- und Pflegearbeit,Pflegearbeit,Städte,45 bis unter 55 Jahre,,,,,0.9
2022,Prozent,Zeitaufwand für unbezahlte Haus- und Pflegearbeit,Pflegearbeit,Städte,45 bis unter 55 Jahre,,,,,1.5
2013,Prozent,Zeitaufwand für unbezahlte Haus- und Pflegearbeit,Pflegearbeit,Ländliche Gebiete,15 Jahre und älter,,,,,1.1
2022,Prozent,Zeitaufwand für unbezahlte Haus- und Pflegearbeit,Pflegearbeit,Ländliche Gebiete,15 Jahre und älter,,,,,1.6
2013,Prozent,Zeitaufwand für unbezahlte Haus- und Pflegearbeit,Pflegearbeit,Ländliche Gebiete,25 bis unter 45 Jahre,,,,,3.3
2022,Prozent,Zeitaufwand für unbezahlte Haus- und Pflegearbeit,Pflegearbeit,Ländliche Gebiete,25 bis unter 45 Jahre,,,,,4.3
2022,Prozent,Zeitaufwand für unbezahlte Haus- und Pflegearbeit,Pflegearbeit,Ländliche Gebiete,45 bis unter 55 Jahre,,,,,1.4
2013,Prozent,Zeitaufwand für unbezahlte Haus- und Pflegearbeit,Pflegearbeit,Städte,15 Jahre und älter,Weiblich,,,,1.7
2022,Prozent,Zeitaufwand für unbezahlte Haus- und Pflegearbeit,Pflegearbeit,Städte,15 Jahre und älter,Weiblich,,,,2.3
2013,Prozent,Zeitaufwand für unbezahlte Haus- und Pflegearbeit,Pflegearbeit,Städte,25 bis unter 45 Jahre,Weiblich,,,,5.0
2022,Prozent,Zeitaufwand für unbezahlte Haus- und Pflegearbeit,Pflegearbeit,Städte,25 bis unter 45 Jahre,Weiblich,,,,6.4
2013,Prozent,Zeitaufwand für unbezahlte Haus- und Pflegearbeit,Pflegearbeit,Ländliche Gebiete,15 Jahre und älter,Weiblich,,,,1.6
2022,Prozent,Zeitaufwand für unbezahlte Haus- und Pflegearbeit,Pflegearbeit,Ländliche Gebiete,15 Jahre und älter,Weiblich,,,,2.2
2013,Prozent,Zeitaufwand für unbezahlte Haus- und Pflegearbeit,Pflegearbeit,Ländliche Gebiete,25 bis unter 45 Jahre,Weiblich,,,,5.0
2022,Prozent,Zeitaufwand für unbezahlte Haus- und Pflegearbeit,Pflegearbeit,Ländliche Gebiete,25 bis unter 45 Jahre,Weiblich,,,,6.2
2013,Prozent,Zeitaufwand für unbezahlte Haus- und Pflegearbeit,Pflegearbeit,Ländliche Gebiete,45 bis unter 55 Jahre,Weiblich,,,,0.6
2022,Prozent,Zeitaufwand für unbezahlte Haus- und Pflegearbeit,Pflegearbeit,Ländliche Gebiete,45 bis unter 55 Jahre,Weiblich,,,,1.5
2013,Prozent,Zeitaufwand für unbezahlte Haus- und Pflegearbeit,Pflegearbeit,Städte,15 Jahre und älter,Männlich,,,,0.8
2022,Prozent,Zeitaufwand für unbezahlte Haus- und Pflegearbeit,Pflegearbeit,Städte,15 Jahre und älter,Männlich,,,,1.3
2013,Prozent,Zeitaufwand für unbezahlte Haus- und Pflegearbeit,Pflegearbeit,Städte,25 bis unter 45 Jahre,Männlich,,,,2.0
2022,Prozent,Zeitaufwand für unbezahlte Haus- und Pflegearbeit,Pflegearbeit,Städte,25 bis unter 45 Jahre,Männlich,,,,2.9
2013,Prozent,Zeitaufwand für unbezahlte Haus- und Pflegearbeit,Pflegearbeit,Städte,45 bis unter 55 Jahre,Männlich,,,,0.7
2022,Prozent,Zeitaufwand für unbezahlte Haus- und Pflegearbeit,Pflegearbeit,Städte,45 bis unter 55 Jahre,Männlich,,,,1.4
2013,Prozent,Zeitaufwand für unbezahlte Haus- und Pflegearbeit,Pflegearbeit,Ländliche Gebiete,15 Jahre und älter,Männlich,,,,0.6
2022,Prozent,Zeitaufwand für unbezahlte Haus- und Pflegearbeit,Pflegearbeit,Ländliche Gebiete,15 Jahre und älter,Männlich,,,,1.1
2013,Prozent,Zeitaufwand für unbezahlte Haus- und Pflegearbeit,Pflegearbeit,Ländliche Gebiete,25 bis unter 45 Jahre,Männlich,,,,1.7
2022,Prozent,Zeitaufwand für unbezahlte Haus- und Pflegearbeit,Pflegearbeit,Ländliche Gebiete,25 bis unter 45 Jahre,Männlich,,,,2.3
2022,Prozent,Zeitaufwand für unbezahlte Haus- und Pflegearbeit,Pflegearbeit,Ländliche Gebiete,45 bis unter 55 Jahre,Männlich,,,,1.2
2013,Stunden pro Tag,Zeitaufwand für unbezahlte Haus- und Pflegearbeit,,,,,,,,3.0
2022,Stunden pro Tag,Zeitaufwand für unbezahlte Haus- und Pflegearbeit,,,,,,,,3.0
2013,Stunden pro Tag,Zeitaufwand für unbezahlte Haus- und Pflegearbeit,,Städte,,,,,,3.0
2022,Stunden pro Tag,Zeitaufwand für unbezahlte Haus- und Pflegearbeit,,Städte,,,,,,3.0
2013,Stunden pro Tag,Zeitaufwand für unbezahlte Haus- und Pflegearbeit,,Ländliche Gebiete,,,,,,3.0
2022,Stunden pro Tag,Zeitaufwand für unbezahlte Haus- und Pflegearbeit,,Ländliche Gebiete,,,,,,3.1
2013,Stunden pro Tag,Zeitaufwand für unbezahlte Haus- und Pflegearbeit,,,15 Jahre und älter,,,,,3.1
2022,Stunden pro Tag,Zeitaufwand für unbezahlte Haus- und Pflegearbeit,,,15 Jahre und älter,,,,,3.2
2013,Stunden pro Tag,Zeitaufwand für unbezahlte Haus- und Pflegearbeit,,,15 bis unter 25 Jahre,,,,,1.3
2022,Stunden pro Tag,Zeitaufwand für unbezahlte Haus- und Pflegearbeit,,,15 bis unter 25 Jahre,,,,,1.4
2013,Stunden pro Tag,Zeitaufwand für unbezahlte Haus- und Pflegearbeit,,,25 bis unter 45 Jahre,,,,,3.3
2022,Stunden pro Tag,Zeitaufwand für unbezahlte Haus- und Pflegearbeit,,,25 bis unter 45 Jahre,,,,,3.3
2013,Stunden pro Tag,Zeitaufwand für unbezahlte Haus- und Pflegearbeit,,,45 bis unter 55 Jahre,,,,,3.1
2022,Stunden pro Tag,Zeitaufwand für unbezahlte Haus- und Pflegearbeit,,,45 bis unter 55 Jahre,,,,,3.1
2013,Stunden pro Tag,Zeitaufwand für unbezahlte Haus- und Pflegearbeit,,,55 bis unter 65 Jahre,,,,,3.2
2022,Stunden pro Tag,Zeitaufwand für unbezahlte Haus- und Pflegearbeit,,,55 bis unter 65 Jahre,,,,,3.2
2013,Stunden pro Tag,Zeitaufwand für unbezahlte Haus- und Pflegearbeit,,,65 Jahre und älter,,,,,3.7
2022,Stunden pro Tag,Zeitaufwand für unbezahlte Haus- und Pflegearbeit,,,65 Jahre und älter,,,,,3.7
2013,Stunden pro Tag,Zeitaufwand für unbezahlte Haus- und Pflegearbeit,,,,Weiblich,,,,3.6
2022,Stunden pro Tag,Zeitaufwand für unbezahlte Haus- und Pflegearbeit,,,,Weiblich,,,,3.6
2013,Stunden pro Tag,Zeitaufwand für unbezahlte Haus- und Pflegearbeit,,,,Männlich,,,,2.3
2022,Stunden pro Tag,Zeitaufwand für unbezahlte Haus- und Pflegearbeit,,,,Männlich,,,,2.4
2013,Stunden pro Tag,Zeitaufwand für unbezahlte Haus- und Pflegearbeit,,Städte,,Weiblich,,,,3.6
2022,Stunden pro Tag,Zeitaufwand für unbezahlte Haus- und Pflegearbeit,,Städte,,Weiblich,,,,3.6
2013,Stunden pro Tag,Zeitaufwand für unbezahlte Haus- und Pflegearbeit,,Ländliche Gebiete,,Weiblich,,,,3.7
2022,Stunden pro Tag,Zeitaufwand für unbezahlte Haus- und Pflegearbeit,,Ländliche Gebiete,,Weiblich,,,,3.7
2013,Stunden pro Tag,Zeitaufwand für unbezahlte Haus- und Pflegearbeit,,,15 Jahre und älter,Weiblich,,,,3.8
2022,Stunden pro Tag,Zeitaufwand für unbezahlte Haus- und Pflegearbeit,,,15 Jahre und älter,Weiblich,,,,3.8
2013,Stunden pro Tag,Zeitaufwand für unbezahlte Haus- und Pflegearbeit,,,15 bis unter 25 Jahre,Weiblich,,,,1.6
2022,Stunden pro Tag,Zeitaufwand für unbezahlte Haus- und Pflegearbeit,,,15 bis unter 25 Jahre,Weiblich,,,,1.7
2013,Stunden pro Tag,Zeitaufwand für unbezahlte Haus- und Pflegearbeit,,,25 bis unter 45 Jahre,Weiblich,,,,4.3
2022,Stunden pro Tag,Zeitaufwand für unbezahlte Haus- und Pflegearbeit,,,25 bis unter 45 Jahre,Weiblich,,,,4.2
2013,Stunden pro Tag,Zeitaufwand für unbezahlte Haus- und Pflegearbeit,,,45 bis unter 55 Jahre,Weiblich,,,,3.8
2022,Stunden pro Tag,Zeitaufwand für unbezahlte Haus- und Pflegearbeit,,,45 bis unter 55 Jahre,Weiblich,,,,3.8
2013,Stunden pro Tag,Zeitaufwand für unbezahlte Haus- und Pflegearbeit,,,55 bis unter 65 Jahre,Weiblich,,,,3.8
2022,Stunden pro Tag,Zeitaufwand für unbezahlte Haus- und Pflegearbeit,,,55 bis unter 65 Jahre,Weiblich,,,,3.7
2013,Stunden pro Tag,Zeitaufwand für unbezahlte Haus- und Pflegearbeit,,,65 Jahre und älter,Weiblich,,,,4.2
2022,Stunden pro Tag,Zeitaufwand für unbezahlte Haus- und Pflegearbeit,,,65 Jahre und älter,Weiblich,,,,4.0
2013,Stunden pro Tag,Zeitaufwand für unbezahlte Haus- und Pflegearbeit,,Städte,,Männlich,,,,2.3
2022,Stunden pro Tag,Zeitaufwand für unbezahlte Haus- und Pflegearbeit,,Städte,,Männlich,,,,2.4
2013,Stunden pro Tag,Zeitaufwand für unbezahlte Haus- und Pflegearbeit,,Ländliche Gebiete,,Männlich,,,,2.3
2022,Stunden pro Tag,Zeitaufwand für unbezahlte Haus- und Pflegearbeit,,Ländliche Gebiete,,Männlich,,,,2.5
2013,Stunden pro Tag,Zeitaufwand für unbezahlte Haus- und Pflegearbeit,,,15 Jahre und älter,Männlich,,,,2.4
2022,Stunden pro Tag,Zeitaufwand für unbezahlte Haus- und Pflegearbeit,,,15 Jahre und älter,Männlich,,,,2.5
2013,Stunden pro Tag,Zeitaufwand für unbezahlte Haus- und Pflegearbeit,,,15 bis unter 25 Jahre,Männlich,,,,1.0
2022,Stunden pro Tag,Zeitaufwand für unbezahlte Haus- und Pflegearbeit,,,15 bis unter 25 Jahre,Männlich,,,,1.0
2013,Stunden pro Tag,Zeitaufwand für unbezahlte Haus- und Pflegearbeit,,,25 bis unter 45 Jahre,Männlich,,,,2.3
2022,Stunden pro Tag,Zeitaufwand für unbezahlte Haus- und Pflegearbeit,,,25 bis unter 45 Jahre,Männlich,,,,2.4
2013,Stunden pro Tag,Zeitaufwand für unbezahlte Haus- und Pflegearbeit,,,45 bis unter 55 Jahre,Männlich,,,,2.5
2022,Stunden pro Tag,Zeitaufwand für unbezahlte Haus- und Pflegearbeit,,,45 bis unter 55 Jahre,Männlich,,,,2.5
2013,Stunden pro Tag,Zeitaufwand für unbezahlte Haus- und Pflegearbeit,,,55 bis unter 65 Jahre,Männlich,,,,2.6
2022,Stunden pro Tag,Zeitaufwand für unbezahlte Haus- und Pflegearbeit,,,55 bis unter 65 Jahre,Männlich,,,,2.6
2013,Stunden pro Tag,Zeitaufwand für unbezahlte Haus- und Pflegearbeit,,,65 Jahre und älter,Männlich,,,,3.3
2022,Stunden pro Tag,Zeitaufwand für unbezahlte Haus- und Pflegearbeit,,,65 Jahre und älter,Männlich,,,,3.3
2013,Stunden pro Tag,Zeitaufwand für unbezahlte Haus- und Pflegearbeit,,Städte,15 Jahre und älter,,,,,3.1
2022,Stunden pro Tag,Zeitaufwand für unbezahlte Haus- und Pflegearbeit,,Städte,15 Jahre und älter,,,,,3.1
2013,Stunden pro Tag,Zeitaufwand für unbezahlte Haus- und Pflegearbeit,,Städte,15 bis unter 25 Jahre,,,,,1.3
2022,Stunden pro Tag,Zeitaufwand für unbezahlte Haus- und Pflegearbeit,,Städte,15 bis unter 25 Jahre,,,,,1.4
2013,Stunden pro Tag,Zeitaufwand für unbezahlte Haus- und Pflegearbeit,,Städte,25 bis unter 45 Jahre,,,,,3.2
2022,Stunden pro Tag,Zeitaufwand für unbezahlte Haus- und Pflegearbeit,,Städte,25 bis unter 45 Jahre,,,,,3.3
2013,Stunden pro Tag,Zeitaufwand für unbezahlte Haus- und Pflegearbeit,,Städte,45 bis unter 55 Jahre,,,,,3.1
2022,Stunden pro Tag,Zeitaufwand für unbezahlte Haus- und Pflegearbeit,,Städte,45 bis unter 55 Jahre,,,,,3.1
2013,Stunden pro Tag,Zeitaufwand für unbezahlte Haus- und Pflegearbeit,,Städte,55 bis unter 65 Jahre,,,,,3.2
2022,Stunden pro Tag,Zeitaufwand für unbezahlte Haus- und Pflegearbeit,,Städte,55 bis unter 65 Jahre,,,,,3.1
2013,Stunden pro Tag,Zeitaufwand für unbezahlte Haus- und Pflegearbeit,,Städte,65 Jahre und älter,,,,,3.7
2022,Stunden pro Tag,Zeitaufwand für unbezahlte Haus- und Pflegearbeit,,Städte,65 Jahre und älter,,,,,3.6
2013,Stunden pro Tag,Zeitaufwand für unbezahlte Haus- und Pflegearbeit,,Ländliche Gebiete,15 Jahre und älter,,,,,3.1
2022,Stunden pro Tag,Zeitaufwand für unbezahlte Haus- und Pflegearbeit,,Ländliche Gebiete,15 Jahre und älter,,,,,3.2
2013,Stunden pro Tag,Zeitaufwand für unbezahlte Haus- und Pflegearbeit,,Ländliche Gebiete,15 bis unter 25 Jahre,,,,,1.3
2022,Stunden pro Tag,Zeitaufwand für unbezahlte Haus- und Pflegearbeit,,Ländliche Gebiete,15 bis unter 25 Jahre,,,,,1.2
2013,Stunden pro Tag,Zeitaufwand für unbezahlte Haus- und Pflegearbeit,,Ländliche Gebiete,25 bis unter 45 Jahre,,,,,3.5
2022,Stunden pro Tag,Zeitaufwand für unbezahlte Haus- und Pflegearbeit,,Ländliche Gebiete,25 bis unter 45 Jahre,,,,,3.3
2013,Stunden pro Tag,Zeitaufwand für unbezahlte Haus- und Pflegearbeit,,Ländliche Gebiete,45 bis unter 55 Jahre,,,,,3.2
2022,Stunden pro Tag,Zeitaufwand für unbezahlte Haus- und Pflegearbeit,,Ländliche Gebiete,45 bis unter 55 Jahre,,,,,3.2
2013,Stunden pro Tag,Zeitaufwand für unbezahlte Haus- und Pflegearbeit,,Ländliche Gebiete,55 bis unter 65 Jahre,,,,,3.3
2022,Stunden pro Tag,Zeitaufwand für unbezahlte Haus- und Pflegearbeit,,Ländliche Gebiete,55 bis unter 65 Jahre,,,,,3.4
2013,Stunden pro Tag,Zeitaufwand für unbezahlte Haus- und Pflegearbeit,,Ländliche Gebiete,65 Jahre und älter,,,,,3.7
2022,Stunden pro Tag,Zeitaufwand für unbezahlte Haus- und Pflegearbeit,,Ländliche Gebiete,65 Jahre und älter,,,,,3.9
2013,Stunden pro Tag,Zeitaufwand für unbezahlte Haus- und Pflegearbeit,,Städte,15 Jahre und älter,Weiblich,,,,3.8
2022,Stunden pro Tag,Zeitaufwand für unbezahlte Haus- und Pflegearbeit,,Städte,15 Jahre und älter,Weiblich,,,,3.8
2013,Stunden pro Tag,Zeitaufwand für unbezahlte Haus- und Pflegearbeit,,Städte,15 bis unter 25 Jahre,Weiblich,,,,1.6
2022,Stunden pro Tag,Zeitaufwand für unbezahlte Haus- und Pflegearbeit,,Städte,15 bis unter 25 Jahre,Weiblich,,,,1.8
2013,Stunden pro Tag,Zeitaufwand für unbezahlte Haus- und Pflegearbeit,,Städte,25 bis unter 45 Jahre,Weiblich,,,,4.2
2022,Stunden pro Tag,Zeitaufwand für unbezahlte Haus- und Pflegearbeit,,Städte,25 bis unter 45 Jahre,Weiblich,,,,4.2
2013,Stunden pro Tag,Zeitaufwand für unbezahlte Haus- und Pflegearbeit,,Städte,45 bis unter 55 Jahre,Weiblich,,,,3.8
2022,Stunden pro Tag,Zeitaufwand für unbezahlte Haus- und Pflegearbeit,,Städte,45 bis unter 55 Jahre,Weiblich,,,,3.8
2013,Stunden pro Tag,Zeitaufwand für unbezahlte Haus- und Pflegearbeit,,Städte,55 bis unter 65 Jahre,Weiblich,,,,3.9
2022,Stunden pro Tag,Zeitaufwand für unbezahlte Haus- und Pflegearbeit,,Städte,55 bis unter 65 Jahre,Weiblich,,,,3.7
2013,Stunden pro Tag,Zeitaufwand für unbezahlte Haus- und Pflegearbeit,,Städte,65 Jahre und älter,Weiblich,,,,4.2
2022,Stunden pro Tag,Zeitaufwand für unbezahlte Haus- und Pflegearbeit,,Städte,65 Jahre und älter,Weiblich,,,,3.9
2013,Stunden pro Tag,Zeitaufwand für unbezahlte Haus- und Pflegearbeit,,Ländliche Gebiete,15 Jahre und älter,Weiblich,,,,3.8
2022,Stunden pro Tag,Zeitaufwand für unbezahlte Haus- und Pflegearbeit,,Ländliche Gebiete,15 Jahre und älter,Weiblich,,,,3.8
2013,Stunden pro Tag,Zeitaufwand für unbezahlte Haus- und Pflegearbeit,,Ländliche Gebiete,15 bis unter 25 Jahre,Weiblich,,,,1.6
2022,Stunden pro Tag,Zeitaufwand für unbezahlte Haus- und Pflegearbeit,,Ländliche Gebiete,15 bis unter 25 Jahre,Weiblich,,,,1.5
2013,Stunden pro Tag,Zeitaufwand für unbezahlte Haus- und Pflegearbeit,,Ländliche Gebiete,25 bis unter 45 Jahre,Weiblich,,,,4.6
2022,Stunden pro Tag,Zeitaufwand für unbezahlte Haus- und Pflegearbeit,,Ländliche Gebiete,25 bis unter 45 Jahre,Weiblich,,,,4.2
2013,Stunden pro Tag,Zeitaufwand für unbezahlte Haus- und Pflegearbeit,,Ländliche Gebiete,45 bis unter 55 Jahre,Weiblich,,,,3.9
2022,Stunden pro Tag,Zeitaufwand für unbezahlte Haus- und Pflegearbeit,,Ländliche Gebiete,45 bis unter 55 Jahre,Weiblich,,,,3.8
2013,Stunden pro Tag,Zeitaufwand für unbezahlte Haus- und Pflegearbeit,,Ländliche Gebiete,55 bis unter 65 Jahre,Weiblich,,,,3.7
2022,Stunden pro Tag,Zeitaufwand für unbezahlte Haus- und Pflegearbeit,,Ländliche Gebiete,55 bis unter 65 Jahre,Weiblich,,,,3.8
2013,Stunden pro Tag,Zeitaufwand für unbezahlte Haus- und Pflegearbeit,,Ländliche Gebiete,65 Jahre und älter,Weiblich,,,,4.2
2022,Stunden pro Tag,Zeitaufwand für unbezahlte Haus- und Pflegearbeit,,Ländliche Gebiete,65 Jahre und älter,Weiblich,,,,4.2
2013,Stunden pro Tag,Zeitaufwand für unbezahlte Haus- und Pflegearbeit,,Städte,15 Jahre und älter,Männlich,,,,2.4
2022,Stunden pro Tag,Zeitaufwand für unbezahlte Haus- und Pflegearbeit,,Städte,15 Jahre und älter,Männlich,,,,2.5
2013,Stunden pro Tag,Zeitaufwand für unbezahlte Haus- und Pflegearbeit,,Städte,15 bis unter 25 Jahre,Männlich,,,,1.0
2022,Stunden pro Tag,Zeitaufwand für unbezahlte Haus- und Pflegearbeit,,Städte,15 bis unter 25 Jahre,Männlich,,,,1.1
2013,Stunden pro Tag,Zeitaufwand für unbezahlte Haus- und Pflegearbeit,,Städte,25 bis unter 45 Jahre,Männlich,,,,2.3
2022,Stunden pro Tag,Zeitaufwand für unbezahlte Haus- und Pflegearbeit,,Städte,25 bis unter 45 Jahre,Männlich,,,,2.4
2013,Stunden pro Tag,Zeitaufwand für unbezahlte Haus- und Pflegearbeit,,Städte,45 bis unter 55 Jahre,Männlich,,,,2.4
2022,Stunden pro Tag,Zeitaufwand für unbezahlte Haus- und Pflegearbeit,,Städte,45 bis unter 55 Jahre,Männlich,,,,2.5
2013,Stunden pro Tag,Zeitaufwand für unbezahlte Haus- und Pflegearbeit,,Städte,55 bis unter 65 Jahre,Männlich,,,,2.6
2022,Stunden pro Tag,Zeitaufwand für unbezahlte Haus- und Pflegearbeit,,Städte,55 bis unter 65 Jahre,Männlich,,,,2.6
2013,Stunden pro Tag,Zeitaufwand für unbezahlte Haus- und Pflegearbeit,,Städte,65 Jahre und älter,Männlich,,,,3.3
2022,Stunden pro Tag,Zeitaufwand für unbezahlte Haus- und Pflegearbeit,,Städte,65 Jahre und älter,Männlich,,,,3.3
2013,Stunden pro Tag,Zeitaufwand für unbezahlte Haus- und Pflegearbeit,,Ländliche Gebiete,15 Jahre und älter,Männlich,,,,2.4
2022,Stunden pro Tag,Zeitaufwand für unbezahlte Haus- und Pflegearbeit,,Ländliche Gebiete,15 Jahre und älter,Männlich,,,,2.6
2013,Stunden pro Tag,Zeitaufwand für unbezahlte Haus- und Pflegearbeit,,Ländliche Gebiete,15 bis unter 25 Jahre,Männlich,,,,1.0
2022,Stunden pro Tag,Zeitaufwand für unbezahlte Haus- und Pflegearbeit,,Ländliche Gebiete,15 bis unter 25 Jahre,Männlich,,,,0.9
2013,Stunden pro Tag,Zeitaufwand für unbezahlte Haus- und Pflegearbeit,,Ländliche Gebiete,25 bis unter 45 Jahre,Männlich,,,,2.3
2022,Stunden pro Tag,Zeitaufwand für unbezahlte Haus- und Pflegearbeit,,Ländliche Gebiete,25 bis unter 45 Jahre,Männlich,,,,2.4
2013,Stunden pro Tag,Zeitaufwand für unbezahlte Haus- und Pflegearbeit,,Ländliche Gebiete,45 bis unter 55 Jahre,Männlich,,,,2.5
2022,Stunden pro Tag,Zeitaufwand für unbezahlte Haus- und Pflegearbeit,,Ländliche Gebiete,45 bis unter 55 Jahre,Männlich,,,,2.7
2013,Stunden pro Tag,Zeitaufwand für unbezahlte Haus- und Pflegearbeit,,Ländliche Gebiete,55 bis unter 65 Jahre,Männlich,,,,2.9
2022,Stunden pro Tag,Zeitaufwand für unbezahlte Haus- und Pflegearbeit,,Ländliche Gebiete,55 bis unter 65 Jahre,Männlich,,,,2.9
2013,Stunden pro Tag,Zeitaufwand für unbezahlte Haus- und Pflegearbeit,,Ländliche Gebiete,65 Jahre und älter,Männlich,,,,3.2
2022,Stunden pro Tag,Zeitaufwand für unbezahlte Haus- und Pflegearbeit,,Ländliche Gebiete,65 Jahre und älter,Männlich,,,,3.6
2013,Stunden pro Tag,Zeitaufwand für unbezahlte Haus- und Pflegearbeit,Hausarbeit,,,,,,,2.7
2022,Stunden pro Tag,Zeitaufwand für unbezahlte Haus- und Pflegearbeit,Hausarbeit,,,,,,,2.6
2013,Stunden pro Tag,Zeitaufwand für unbezahlte Haus- und Pflegearbeit,Hausarbeit,Städte,,,,,,2.7
2022,Stunden pro Tag,Zeitaufwand für unbezahlte Haus- und Pflegearbeit,Hausarbeit,Städte,,,,,,2.6
2013,Stunden pro Tag,Zeitaufwand für unbezahlte Haus- und Pflegearbeit,Hausarbeit,Ländliche Gebiete,,,,,,2.8
2022,Stunden pro Tag,Zeitaufwand für unbezahlte Haus- und Pflegearbeit,Hausarbeit,Ländliche Gebiete,,,,,,2.7
2013,Stunden pro Tag,Zeitaufwand für unbezahlte Haus- und Pflegearbeit,Hausarbeit,,15 Jahre und älter,,,,,2.8
2022,Stunden pro Tag,Zeitaufwand für unbezahlte Haus- und Pflegearbeit,Hausarbeit,,15 Jahre und älter,,,,,2.7
2013,Stunden pro Tag,Zeitaufwand für unbezahlte Haus- und Pflegearbeit,Hausarbeit,,15 bis unter 25 Jahre,,,,,1.3
2022,Stunden pro Tag,Zeitaufwand für unbezahlte Haus- und Pflegearbeit,Hausarbeit,,15 bis unter 25 Jahre,,,,,1.3
2013,Stunden pro Tag,Zeitaufwand für unbezahlte Haus- und Pflegearbeit,Hausarbeit,,25 bis unter 45 Jahre,,,,,2.5
2022,Stunden pro Tag,Zeitaufwand für unbezahlte Haus- und Pflegearbeit,Hausarbeit,,25 bis unter 45 Jahre,,,,,2.2
2013,Stunden pro Tag,Zeitaufwand für unbezahlte Haus- und Pflegearbeit,Hausarbeit,,45 bis unter 55 Jahre,,,,,2.9
2022,Stunden pro Tag,Zeitaufwand für unbezahlte Haus- und Pflegearbeit,Hausarbeit,,45 bis unter 55 Jahre,,,,,2.8
2013,Stunden pro Tag,Zeitaufwand für unbezahlte Haus- und Pflegearbeit,Hausarbeit,,55 bis unter 65 Jahre,,,,,3.2
2022,Stunden pro Tag,Zeitaufwand für unbezahlte Haus- und Pflegearbeit,Hausarbeit,,55 bis unter 65 Jahre,,,,,3.1
2013,Stunden pro Tag,Zeitaufwand für unbezahlte Haus- und Pflegearbeit,Hausarbeit,,65 Jahre und älter,,,,,3.7
2022,Stunden pro Tag,Zeitaufwand für unbezahlte Haus- und Pflegearbeit,Hausarbeit,,65 Jahre und älter,,,,,3.6
2013,Stunden pro Tag,Zeitaufwand für unbezahlte Haus- und Pflegearbeit,Hausarbeit,,,Weiblich,,,,3.3
2022,Stunden pro Tag,Zeitaufwand für unbezahlte Haus- und Pflegearbeit,Hausarbeit,,,Weiblich,,,,3.1
2013,Stunden pro Tag,Zeitaufwand für unbezahlte Haus- und Pflegearbeit,Hausarbeit,,,Männlich,,,,2.1
2022,Stunden pro Tag,Zeitaufwand für unbezahlte Haus- und Pflegearbeit,Hausarbeit,,,Männlich,,,,2.2
2013,Stunden pro Tag,Zeitaufwand für unbezahlte Haus- und Pflegearbeit,Hausarbeit,Städte,,Weiblich,,,,3.2
2022,Stunden pro Tag,Zeitaufwand für unbezahlte Haus- und Pflegearbeit,Hausarbeit,Städte,,Weiblich,,,,3.1
2013,Stunden pro Tag,Zeitaufwand für unbezahlte Haus- und Pflegearbeit,Hausarbeit,Ländliche Gebiete,,Weiblich,,,,3.3
2022,Stunden pro Tag,Zeitaufwand für unbezahlte Haus- und Pflegearbeit,Hausarbeit,Ländliche Gebiete,,Weiblich,,,,3.2
2013,Stunden pro Tag,Zeitaufwand für unbezahlte Haus- und Pflegearbeit,Hausarbeit,,15 Jahre und älter,Weiblich,,,,3.4
2022,Stunden pro Tag,Zeitaufwand für unbezahlte Haus- und Pflegearbeit,Hausarbeit,,15 Jahre und älter,Weiblich,,,,3.2
2013,Stunden pro Tag,Zeitaufwand für unbezahlte Haus- und Pflegearbeit,Hausarbeit,,15 bis unter 25 Jahre,Weiblich,,,,1.5
2022,Stunden pro Tag,Zeitaufwand für unbezahlte Haus- und Pflegearbeit,Hausarbeit,,15 bis unter 25 Jahre,Weiblich,,,,1.6
2013,Stunden pro Tag,Zeitaufwand für unbezahlte Haus- und Pflegearbeit,Hausarbeit,,25 bis unter 45 Jahre,Weiblich,,,,3.1
2022,Stunden pro Tag,Zeitaufwand für unbezahlte Haus- und Pflegearbeit,Hausarbeit,,25 bis unter 45 Jahre,Weiblich,,,,2.7
2013,Stunden pro Tag,Zeitaufwand für unbezahlte Haus- und Pflegearbeit,Hausarbeit,,45 bis unter 55 Jahre,Weiblich,,,,3.6
2022,Stunden pro Tag,Zeitaufwand für unbezahlte Haus- und Pflegearbeit,Hausarbeit,,45 bis unter 55 Jahre,Weiblich,,,,3.4
2013,Stunden pro Tag,Zeitaufwand für unbezahlte Haus- und Pflegearbeit,Hausarbeit,,55 bis unter 65 Jahre,Weiblich,,,,3.8
2022,Stunden pro Tag,Zeitaufwand für unbezahlte Haus- und Pflegearbeit,Hausarbeit,,55 bis unter 65 Jahre,Weiblich,,,,3.6
2013,Stunden pro Tag,Zeitaufwand für unbezahlte Haus- und Pflegearbeit,Hausarbeit,,65 Jahre und älter,Weiblich,,,,4.2
2022,Stunden pro Tag,Zeitaufwand für unbezahlte Haus- und Pflegearbeit,Hausarbeit,,65 Jahre und älter,Weiblich,,,,4.0
2013,Stunden pro Tag,Zeitaufwand für unbezahlte Haus- und Pflegearbeit,Hausarbeit,Städte,,Männlich,,,,2.1
2022,Stunden pro Tag,Zeitaufwand für unbezahlte Haus- und Pflegearbeit,Hausarbeit,Städte,,Männlich,,,,2.1
2013,Stunden pro Tag,Zeitaufwand für unbezahlte Haus- und Pflegearbeit,Hausarbeit,Ländliche Gebiete,,Männlich,,,,2.2
2022,Stunden pro Tag,Zeitaufwand für unbezahlte Haus- und Pflegearbeit,Hausarbeit,Ländliche Gebiete,,Männlich,,,,2.2
2013,Stunden pro Tag,Zeitaufwand für unbezahlte Haus- und Pflegearbeit,Hausarbeit,,15 Jahre und älter,Männlich,,,,2.2
2022,Stunden pro Tag,Zeitaufwand für unbezahlte Haus- und Pflegearbeit,Hausarbeit,,15 Jahre und älter,Männlich,,,,2.2
2013,Stunden pro Tag,Zeitaufwand für unbezahlte Haus- und Pflegearbeit,Hausarbeit,,15 bis unter 25 Jahre,Männlich,,,,1.0
2022,Stunden pro Tag,Zeitaufwand für unbezahlte Haus- und Pflegearbeit,Hausarbeit,,15 bis unter 25 Jahre,Männlich,,,,1.0
2013,Stunden pro Tag,Zeitaufwand für unbezahlte Haus- und Pflegearbeit,Hausarbeit,,25 bis unter 45 Jahre,Männlich,,,,1.8
2022,Stunden pro Tag,Zeitaufwand für unbezahlte Haus- und Pflegearbeit,Hausarbeit,,25 bis unter 45 Jahre,Männlich,,,,1.8
2013,Stunden pro Tag,Zeitaufwand für unbezahlte Haus- und Pflegearbeit,Hausarbeit,,45 bis unter 55 Jahre,Männlich,,,,2.3
2022,Stunden pro Tag,Zeitaufwand für unbezahlte Haus- und Pflegearbeit,Hausarbeit,,45 bis unter 55 Jahre,Männlich,,,,2.2
2013,Stunden pro Tag,Zeitaufwand für unbezahlte Haus- und Pflegearbeit,Hausarbeit,,55 bis unter 65 Jahre,Männlich,,,,2.6
2022,Stunden pro Tag,Zeitaufwand für unbezahlte Haus- und Pflegearbeit,Hausarbeit,,55 bis unter 65 Jahre,Männlich,,,,2.6
2013,Stunden pro Tag,Zeitaufwand für unbezahlte Haus- und Pflegearbeit,Hausarbeit,,65 Jahre und älter,Männlich,,,,3.2
2022,Stunden pro Tag,Zeitaufwand für unbezahlte Haus- und Pflegearbeit,Hausarbeit,,65 Jahre und älter,Männlich,,,,3.3
2013,Stunden pro Tag,Zeitaufwand für unbezahlte Haus- und Pflegearbeit,Hausarbeit,Städte,15 Jahre und älter,,,,,2.8
2022,Stunden pro Tag,Zeitaufwand für unbezahlte Haus- und Pflegearbeit,Hausarbeit,Städte,15 Jahre und älter,,,,,2.7
2013,Stunden pro Tag,Zeitaufwand für unbezahlte Haus- und Pflegearbeit,Hausarbeit,Städte,15 bis unter 25 Jahre,,,,,1.3
2022,Stunden pro Tag,Zeitaufwand für unbezahlte Haus- und Pflegearbeit,Hausarbeit,Städte,15 bis unter 25 Jahre,,,,,1.3
2013,Stunden pro Tag,Zeitaufwand für unbezahlte Haus- und Pflegearbeit,Hausarbeit,Städte,25 bis unter 45 Jahre,,,,,2.4
2022,Stunden pro Tag,Zeitaufwand für unbezahlte Haus- und Pflegearbeit,Hausarbeit,Städte,25 bis unter 45 Jahre,,,,,2.2
2013,Stunden pro Tag,Zeitaufwand für unbezahlte Haus- und Pflegearbeit,Hausarbeit,Städte,45 bis unter 55 Jahre,,,,,2.9
2022,Stunden pro Tag,Zeitaufwand für unbezahlte Haus- und Pflegearbeit,Hausarbeit,Städte,45 bis unter 55 Jahre,,,,,2.7
2013,Stunden pro Tag,Zeitaufwand für unbezahlte Haus- und Pflegearbeit,Hausarbeit,Städte,55 bis unter 65 Jahre,,,,,3.2
2022,Stunden pro Tag,Zeitaufwand für unbezahlte Haus- und Pflegearbeit,Hausarbeit,Städte,55 bis unter 65 Jahre,,,,,3.1
2013,Stunden pro Tag,Zeitaufwand für unbezahlte Haus- und Pflegearbeit,Hausarbeit,Städte,65 Jahre und älter,,,,,3.7
2022,Stunden pro Tag,Zeitaufwand für unbezahlte Haus- und Pflegearbeit,Hausarbeit,Städte,65 Jahre und älter,,,,,3.6
2013,Stunden pro Tag,Zeitaufwand für unbezahlte Haus- und Pflegearbeit,Hausarbeit,Ländliche Gebiete,15 Jahre und älter,,,,,2.9
2022,Stunden pro Tag,Zeitaufwand für unbezahlte Haus- und Pflegearbeit,Hausarbeit,Ländliche Gebiete,15 Jahre und älter,,,,,2.8
2013,Stunden pro Tag,Zeitaufwand für unbezahlte Haus- und Pflegearbeit,Hausarbeit,Ländliche Gebiete,15 bis unter 25 Jahre,,,,,1.2
2022,Stunden pro Tag,Zeitaufwand für unbezahlte Haus- und Pflegearbeit,Hausarbeit,Ländliche Gebiete,15 bis unter 25 Jahre,,,,,1.2
2013,Stunden pro Tag,Zeitaufwand für unbezahlte Haus- und Pflegearbeit,Hausarbeit,Ländliche Gebiete,25 bis unter 45 Jahre,,,,,2.7
2022,Stunden pro Tag,Zeitaufwand für unbezahlte Haus- und Pflegearbeit,Hausarbeit,Ländliche Gebiete,25 bis unter 45 Jahre,,,,,2.3
2013,Stunden pro Tag,Zeitaufwand für unbezahlte Haus- und Pflegearbeit,Hausarbeit,Ländliche Gebiete,45 bis unter 55 Jahre,,,,,3.0
2022,Stunden pro Tag,Zeitaufwand für unbezahlte Haus- und Pflegearbeit,Hausarbeit,Ländliche Gebiete,45 bis unter 55 Jahre,,,,,2.9
2013,Stunden pro Tag,Zeitaufwand für unbezahlte Haus- und Pflegearbeit,Hausarbeit,Ländliche Gebiete,55 bis unter 65 Jahre,,,,,3.2
2022,Stunden pro Tag,Zeitaufwand für unbezahlte Haus- und Pflegearbeit,Hausarbeit,Ländliche Gebiete,55 bis unter 65 Jahre,,,,,3.3
2013,Stunden pro Tag,Zeitaufwand für unbezahlte Haus- und Pflegearbeit,Hausarbeit,Ländliche Gebiete,65 Jahre und älter,,,,,3.7
2022,Stunden pro Tag,Zeitaufwand für unbezahlte Haus- und Pflegearbeit,Hausarbeit,Ländliche Gebiete,65 Jahre und älter,,,,,3.8
2013,Stunden pro Tag,Zeitaufwand für unbezahlte Haus- und Pflegearbeit,Hausarbeit,Städte,15 Jahre und älter,Weiblich,,,,3.3
2022,Stunden pro Tag,Zeitaufwand für unbezahlte Haus- und Pflegearbeit,Hausarbeit,Städte,15 Jahre und älter,Weiblich,,,,3.2
2013,Stunden pro Tag,Zeitaufwand für unbezahlte Haus- und Pflegearbeit,Hausarbeit,Städte,15 bis unter 25 Jahre,Weiblich,,,,1.6
2022,Stunden pro Tag,Zeitaufwand für unbezahlte Haus- und Pflegearbeit,Hausarbeit,Städte,15 bis unter 25 Jahre,Weiblich,,,,1.7
2013,Stunden pro Tag,Zeitaufwand für unbezahlte Haus- und Pflegearbeit,Hausarbeit,Städte,25 bis unter 45 Jahre,Weiblich,,,,3.0
2022,Stunden pro Tag,Zeitaufwand für unbezahlte Haus- und Pflegearbeit,Hausarbeit,Städte,25 bis unter 45 Jahre,Weiblich,,,,2.7
2013,Stunden pro Tag,Zeitaufwand für unbezahlte Haus- und Pflegearbeit,Hausarbeit,Städte,45 bis unter 55 Jahre,Weiblich,,,,3.5
2022,Stunden pro Tag,Zeitaufwand für unbezahlte Haus- und Pflegearbeit,Hausarbeit,Städte,45 bis unter 55 Jahre,Weiblich,,,,3.4
2013,Stunden pro Tag,Zeitaufwand für unbezahlte Haus- und Pflegearbeit,Hausarbeit,Städte,55 bis unter 65 Jahre,Weiblich,,,,3.8
2022,Stunden pro Tag,Zeitaufwand für unbezahlte Haus- und Pflegearbeit,Hausarbeit,Städte,55 bis unter 65 Jahre,Weiblich,,,,3.6
2013,Stunden pro Tag,Zeitaufwand für unbezahlte Haus- und Pflegearbeit,Hausarbeit,Städte,65 Jahre und älter,Weiblich,,,,4.2
2022,Stunden pro Tag,Zeitaufwand für unbezahlte Haus- und Pflegearbeit,Hausarbeit,Städte,65 Jahre und älter,Weiblich,,,,3.9
2013,Stunden pro Tag,Zeitaufwand für unbezahlte Haus- und Pflegearbeit,Hausarbeit,Ländliche Gebiete,15 Jahre und älter,Weiblich,,,,3.5
2022,Stunden pro Tag,Zeitaufwand für unbezahlte Haus- und Pflegearbeit,Hausarbeit,Ländliche Gebiete,15 Jahre und älter,Weiblich,,,,3.3
2013,Stunden pro Tag,Zeitaufwand für unbezahlte Haus- und Pflegearbeit,Hausarbeit,Ländliche Gebiete,15 bis unter 25 Jahre,Weiblich,,,,1.4
2022,Stunden pro Tag,Zeitaufwand für unbezahlte Haus- und Pflegearbeit,Hausarbeit,Ländliche Gebiete,15 bis unter 25 Jahre,Weiblich,,,,1.4
2013,Stunden pro Tag,Zeitaufwand für unbezahlte Haus- und Pflegearbeit,Hausarbeit,Ländliche Gebiete,25 bis unter 45 Jahre,Weiblich,,,,3.4
2022,Stunden pro Tag,Zeitaufwand für unbezahlte Haus- und Pflegearbeit,Hausarbeit,Ländliche Gebiete,25 bis unter 45 Jahre,Weiblich,,,,2.7
2013,Stunden pro Tag,Zeitaufwand für unbezahlte Haus- und Pflegearbeit,Hausarbeit,Ländliche Gebiete,45 bis unter 55 Jahre,Weiblich,,,,3.7
2022,Stunden pro Tag,Zeitaufwand für unbezahlte Haus- und Pflegearbeit,Hausarbeit,Ländliche Gebiete,45 bis unter 55 Jahre,Weiblich,,,,3.4
2013,Stunden pro Tag,Zeitaufwand für unbezahlte Haus- und Pflegearbeit,Hausarbeit,Ländliche Gebiete,55 bis unter 65 Jahre,Weiblich,,,,3.7
2022,Stunden pro Tag,Zeitaufwand für unbezahlte Haus- und Pflegearbeit,Hausarbeit,Ländliche Gebiete,55 bis unter 65 Jahre,Weiblich,,,,3.7
2013,Stunden pro Tag,Zeitaufwand für unbezahlte Haus- und Pflegearbeit,Hausarbeit,Ländliche Gebiete,65 Jahre und älter,Weiblich,,,,4.2
2022,Stunden pro Tag,Zeitaufwand für unbezahlte Haus- und Pflegearbeit,Hausarbeit,Ländliche Gebiete,65 Jahre und älter,Weiblich,,,,4.1
2013,Stunden pro Tag,Zeitaufwand für unbezahlte Haus- und Pflegearbeit,Hausarbeit,Städte,15 Jahre und älter,Männlich,,,,2.2
2022,Stunden pro Tag,Zeitaufwand für unbezahlte Haus- und Pflegearbeit,Hausarbeit,Städte,15 Jahre und älter,Männlich,,,,2.2
2013,Stunden pro Tag,Zeitaufwand für unbezahlte Haus- und Pflegearbeit,Hausarbeit,Städte,15 bis unter 25 Jahre,Männlich,,,,1.0
2022,Stunden pro Tag,Zeitaufwand für unbezahlte Haus- und Pflegearbeit,Hausarbeit,Städte,15 bis unter 25 Jahre,Männlich,,,,1.0
2013,Stunden pro Tag,Zeitaufwand für unbezahlte Haus- und Pflegearbeit,Hausarbeit,Städte,25 bis unter 45 Jahre,Männlich,,,,1.8
2022,Stunden pro Tag,Zeitaufwand für unbezahlte Haus- und Pflegearbeit,Hausarbeit,Städte,25 bis unter 45 Jahre,Männlich,,,,1.7
2013,Stunden pro Tag,Zeitaufwand für unbezahlte Haus- und Pflegearbeit,Hausarbeit,Städte,45 bis unter 55 Jahre,Männlich,,,,2.3
2022,Stunden pro Tag,Zeitaufwand für unbezahlte Haus- und Pflegearbeit,Hausarbeit,Städte,45 bis unter 55 Jahre,Männlich,,,,2.1
2013,Stunden pro Tag,Zeitaufwand für unbezahlte Haus- und Pflegearbeit,Hausarbeit,Städte,55 bis unter 65 Jahre,Männlich,,,,2.5
2022,Stunden pro Tag,Zeitaufwand für unbezahlte Haus- und Pflegearbeit,Hausarbeit,Städte,55 bis unter 65 Jahre,Männlich,,,,2.5
2013,Stunden pro Tag,Zeitaufwand für unbezahlte Haus- und Pflegearbeit,Hausarbeit,Städte,65 Jahre und älter,Männlich,,,,3.2
2022,Stunden pro Tag,Zeitaufwand für unbezahlte Haus- und Pflegearbeit,Hausarbeit,Städte,65 Jahre und älter,Männlich,,,,3.2
2013,Stunden pro Tag,Zeitaufwand für unbezahlte Haus- und Pflegearbeit,Hausarbeit,Ländliche Gebiete,15 Jahre und älter,Männlich,,,,2.3
2022,Stunden pro Tag,Zeitaufwand für unbezahlte Haus- und Pflegearbeit,Hausarbeit,Ländliche Gebiete,15 Jahre und älter,Männlich,,,,2.3
2013,Stunden pro Tag,Zeitaufwand für unbezahlte Haus- und Pflegearbeit,Hausarbeit,Ländliche Gebiete,15 bis unter 25 Jahre,Männlich,,,,1.0
2022,Stunden pro Tag,Zeitaufwand für unbezahlte Haus- und Pflegearbeit,Hausarbeit,Ländliche Gebiete,15 bis unter 25 Jahre,Männlich,,,,0.9
2013,Stunden pro Tag,Zeitaufwand für unbezahlte Haus- und Pflegearbeit,Hausarbeit,Ländliche Gebiete,25 bis unter 45 Jahre,Männlich,,,,1.9
2022,Stunden pro Tag,Zeitaufwand für unbezahlte Haus- und Pflegearbeit,Hausarbeit,Ländliche Gebiete,25 bis unter 45 Jahre,Männlich,,,,1.8
2013,Stunden pro Tag,Zeitaufwand für unbezahlte Haus- und Pflegearbeit,Hausarbeit,Ländliche Gebiete,45 bis unter 55 Jahre,Männlich,,,,2.3
2022,Stunden pro Tag,Zeitaufwand für unbezahlte Haus- und Pflegearbeit,Hausarbeit,Ländliche Gebiete,45 bis unter 55 Jahre,Männlich,,,,2.4
2013,Stunden pro Tag,Zeitaufwand für unbezahlte Haus- und Pflegearbeit,Hausarbeit,Ländliche Gebiete,55 bis unter 65 Jahre,Männlich,,,,2.8
2022,Stunden pro Tag,Zeitaufwand für unbezahlte Haus- und Pflegearbeit,Hausarbeit,Ländliche Gebiete,55 bis unter 65 Jahre,Männlich,,,,2.8
2013,Stunden pro Tag,Zeitaufwand für unbezahlte Haus- und Pflegearbeit,Hausarbeit,Ländliche Gebiete,65 Jahre und älter,Männlich,,,,3.1
2022,Stunden pro Tag,Zeitaufwand für unbezahlte Haus- und Pflegearbeit,Hausarbeit,Ländliche Gebiete,65 Jahre und älter,Männlich,,,,3.6
2013,Stunden pro Tag,Zeitaufwand für unbezahlte Haus- und Pflegearbeit,Pflegearbeit,,,,,,,0.3
2022,Stunden pro Tag,Zeitaufwand für unbezahlte Haus- und Pflegearbeit,Pflegearbeit,,,,,,,0.4
2013,Stunden pro Tag,Zeitaufwand für unbezahlte Haus- und Pflegearbeit,Pflegearbeit,Städte,,,,,,0.3
2022,Stunden pro Tag,Zeitaufwand für unbezahlte Haus- und Pflegearbeit,Pflegearbeit,Städte,,,,,,0.4
2013,Stunden pro Tag,Zeitaufwand für unbezahlte Haus- und Pflegearbeit,Pflegearbeit,Ländliche Gebiete,,,,,,0.3
2022,Stunden pro Tag,Zeitaufwand für unbezahlte Haus- und Pflegearbeit,Pflegearbeit,Ländliche Gebiete,,,,,,0.4
2013,Stunden pro Tag,Zeitaufwand für unbezahlte Haus- und Pflegearbeit,Pflegearbeit,,15 Jahre und älter,,,,,0.3
2022,Stunden pro Tag,Zeitaufwand für unbezahlte Haus- und Pflegearbeit,Pflegearbeit,,15 Jahre und älter,,,,,0.4
2013,Stunden pro Tag,Zeitaufwand für unbezahlte Haus- und Pflegearbeit,Pflegearbeit,,25 bis unter 45 Jahre,,,,,0.8
2022,Stunden pro Tag,Zeitaufwand für unbezahlte Haus- und Pflegearbeit,Pflegearbeit,,25 bis unter 45 Jahre,,,,,1.1
2013,Stunden pro Tag,Zeitaufwand für unbezahlte Haus- und Pflegearbeit,Pflegearbeit,,45 bis unter 55 Jahre,,,,,0.2
2022,Stunden pro Tag,Zeitaufwand für unbezahlte Haus- und Pflegearbeit,Pflegearbeit,,45 bis unter 55 Jahre,,,,,0.4
2022,Stunden pro Tag,Zeitaufwand für unbezahlte Haus- und Pflegearbeit,Pflegearbeit,,55 bis unter 65 Jahre,,,,,0.1
2013,Stunden pro Tag,Zeitaufwand für unbezahlte Haus- und Pflegearbeit,Pflegearbeit,,,Weiblich,,,,0.4
2022,Stunden pro Tag,Zeitaufwand für unbezahlte Haus- und Pflegearbeit,Pflegearbeit,,,Weiblich,,,,0.5
2013,Stunden pro Tag,Zeitaufwand für unbezahlte Haus- und Pflegearbeit,Pflegearbeit,,,Männlich,,,,0.2
2022,Stunden pro Tag,Zeitaufwand für unbezahlte Haus- und Pflegearbeit,Pflegearbeit,,,Männlich,,,,0.3
2013,Stunden pro Tag,Zeitaufwand für unbezahlte Haus- und Pflegearbeit,Pflegearbeit,Städte,,Weiblich,,,,0.4
2022,Stunden pro Tag,Zeitaufwand für unbezahlte Haus- und Pflegearbeit,Pflegearbeit,Städte,,Weiblich,,,,0.5
2013,Stunden pro Tag,Zeitaufwand für unbezahlte Haus- und Pflegearbeit,Pflegearbeit,Ländliche Gebiete,,Weiblich,,,,0.4
2022,Stunden pro Tag,Zeitaufwand für unbezahlte Haus- und Pflegearbeit,Pflegearbeit,Ländliche Gebiete,,Weiblich,,,,0.5
2013,Stunden pro Tag,Zeitaufwand für unbezahlte Haus- und Pflegearbeit,Pflegearbeit,,15 Jahre und älter,Weiblich,,,,0.4
2022,Stunden pro Tag,Zeitaufwand für unbezahlte Haus- und Pflegearbeit,Pflegearbeit,,15 Jahre und älter,Weiblich,,,,0.6
2013,Stunden pro Tag,Zeitaufwand für unbezahlte Haus- und Pflegearbeit,Pflegearbeit,,25 bis unter 45 Jahre,Weiblich,,,,1.2
2022,Stunden pro Tag,Zeitaufwand für unbezahlte Haus- und Pflegearbeit,Pflegearbeit,,25 bis unter 45 Jahre,Weiblich,,,,1.5
2013,Stunden pro Tag,Zeitaufwand für unbezahlte Haus- und Pflegearbeit,Pflegearbeit,,45 bis unter 55 Jahre,Weiblich,,,,0.2
2022,Stunden pro Tag,Zeitaufwand für unbezahlte Haus- und Pflegearbeit,Pflegearbeit,,45 bis unter 55 Jahre,Weiblich,,,,0.4
2022,Stunden pro Tag,Zeitaufwand für unbezahlte Haus- und Pflegearbeit,Pflegearbeit,,55 bis unter 65 Jahre,Weiblich,,,,0.1
2013,Stunden pro Tag,Zeitaufwand für unbezahlte Haus- und Pflegearbeit,Pflegearbeit,Städte,,Männlich,,,,0.2
2022,Stunden pro Tag,Zeitaufwand für unbezahlte Haus- und Pflegearbeit,Pflegearbeit,Städte,,Männlich,,,,0.3
2013,Stunden pro Tag,Zeitaufwand für unbezahlte Haus- und Pflegearbeit,Pflegearbeit,Ländliche Gebiete,,Männlich,,,,0.2
2022,Stunden pro Tag,Zeitaufwand für unbezahlte Haus- und Pflegearbeit,Pflegearbeit,Ländliche Gebiete,,Männlich,,,,0.2
2013,Stunden pro Tag,Zeitaufwand für unbezahlte Haus- und Pflegearbeit,Pflegearbeit,,15 Jahre und älter,Männlich,,,,0.2
2022,Stunden pro Tag,Zeitaufwand für unbezahlte Haus- und Pflegearbeit,Pflegearbeit,,15 Jahre und älter,Männlich,,,,0.3
2013,Stunden pro Tag,Zeitaufwand für unbezahlte Haus- und Pflegearbeit,Pflegearbeit,,25 bis unter 45 Jahre,Männlich,,,,0.5
2022,Stunden pro Tag,Zeitaufwand für unbezahlte Haus- und Pflegearbeit,Pflegearbeit,,25 bis unter 45 Jahre,Männlich,,,,0.7
2013,Stunden pro Tag,Zeitaufwand für unbezahlte Haus- und Pflegearbeit,Pflegearbeit,,45 bis unter 55 Jahre,Männlich,,,,0.2
2022,Stunden pro Tag,Zeitaufwand für unbezahlte Haus- und Pflegearbeit,Pflegearbeit,,45 bis unter 55 Jahre,Männlich,,,,0.3
2013,Stunden pro Tag,Zeitaufwand für unbezahlte Haus- und Pflegearbeit,Pflegearbeit,,55 bis unter 65 Jahre,Männlich,,,,0.1
2022,Stunden pro Tag,Zeitaufwand für unbezahlte Haus- und Pflegearbeit,Pflegearbeit,,55 bis unter 65 Jahre,Männlich,,,,0.1
2013,Stunden pro Tag,Zeitaufwand für unbezahlte Haus- und Pflegearbeit,Pflegearbeit,Städte,15 Jahre und älter,,,,,0.3
2022,Stunden pro Tag,Zeitaufwand für unbezahlte Haus- und Pflegearbeit,Pflegearbeit,Städte,15 Jahre und älter,,,,,0.4
2013,Stunden pro Tag,Zeitaufwand für unbezahlte Haus- und Pflegearbeit,Pflegearbeit,Städte,25 bis unter 45 Jahre,,,,,0.8
2022,Stunden pro Tag,Zeitaufwand für unbezahlte Haus- und Pflegearbeit,Pflegearbeit,Städte,25 bis unter 45 Jahre,,,,,1.1
2013,Stunden pro Tag,Zeitaufwand für unbezahlte Haus- und Pflegearbeit,Pflegearbeit,Städte,45 bis unter 55 Jahre,,,,,0.2
2022,Stunden pro Tag,Zeitaufwand für unbezahlte Haus- und Pflegearbeit,Pflegearbeit,Städte,45 bis unter 55 Jahre,,,,,0.4
2013,Stunden pro Tag,Zeitaufwand für unbezahlte Haus- und Pflegearbeit,Pflegearbeit,Ländliche Gebiete,15 Jahre und älter,,,,,0.3
2022,Stunden pro Tag,Zeitaufwand für unbezahlte Haus- und Pflegearbeit,Pflegearbeit,Ländliche Gebiete,15 Jahre und älter,,,,,0.4
2013,Stunden pro Tag,Zeitaufwand für unbezahlte Haus- und Pflegearbeit,Pflegearbeit,Ländliche Gebiete,25 bis unter 45 Jahre,,,,,0.8
2022,Stunden pro Tag,Zeitaufwand für unbezahlte Haus- und Pflegearbeit,Pflegearbeit,Ländliche Gebiete,25 bis unter 45 Jahre,,,,,1.0
2022,Stunden pro Tag,Zeitaufwand für unbezahlte Haus- und Pflegearbeit,Pflegearbeit,Ländliche Gebiete,45 bis unter 55 Jahre,,,,,0.3
2013,Stunden pro Tag,Zeitaufwand für unbezahlte Haus- und Pflegearbeit,Pflegearbeit,Städte,15 Jahre und älter,Weiblich,,,,0.4
2022,Stunden pro Tag,Zeitaufwand für unbezahlte Haus- und Pflegearbeit,Pflegearbeit,Städte,15 Jahre und älter,Weiblich,,,,0.6
2013,Stunden pro Tag,Zeitaufwand für unbezahlte Haus- und Pflegearbeit,Pflegearbeit,Städte,25 bis unter 45 Jahre,Weiblich,,,,1.2
2022,Stunden pro Tag,Zeitaufwand für unbezahlte Haus- und Pflegearbeit,Pflegearbeit,Städte,25 bis unter 45 Jahre,Weiblich,,,,1.5
2013,Stunden pro Tag,Zeitaufwand für unbezahlte Haus- und Pflegearbeit,Pflegearbeit,Städte,45 bis unter 55 Jahre,Weiblich,,,,0.2
2022,Stunden pro Tag,Zeitaufwand für unbezahlte Haus- und Pflegearbeit,Pflegearbeit,Städte,45 bis unter 55 Jahre,Weiblich,,,,0.4
2013,Stunden pro Tag,Zeitaufwand für unbezahlte Haus- und Pflegearbeit,Pflegearbeit,Ländliche Gebiete,15 Jahre und älter,Weiblich,,,,0.4
2022,Stunden pro Tag,Zeitaufwand für unbezahlte Haus- und Pflegearbeit,Pflegearbeit,Ländliche Gebiete,15 Jahre und älter,Weiblich,,,,0.5
2013,Stunden pro Tag,Zeitaufwand für unbezahlte Haus- und Pflegearbeit,Pflegearbeit,Ländliche Gebiete,25 bis unter 45 Jahre,Weiblich,,,,1.2
2022,Stunden pro Tag,Zeitaufwand für unbezahlte Haus- und Pflegearbeit,Pflegearbeit,Ländliche Gebiete,25 bis unter 45 Jahre,Weiblich,,,,1.5
2013,Stunden pro Tag,Zeitaufwand für unbezahlte Haus- und Pflegearbeit,Pflegearbeit,Ländliche Gebiete,45 bis unter 55 Jahre,Weiblich,,,,0.2
2022,Stunden pro Tag,Zeitaufwand für unbezahlte Haus- und Pflegearbeit,Pflegearbeit,Ländliche Gebiete,45 bis unter 55 Jahre,Weiblich,,,,0.4
2013,Stunden pro Tag,Zeitaufwand für unbezahlte Haus- und Pflegearbeit,Pflegearbeit,Städte,15 Jahre und älter,Männlich,,,,0.2
2022,Stunden pro Tag,Zeitaufwand für unbezahlte Haus- und Pflegearbeit,Pflegearbeit,Städte,15 Jahre und älter,Männlich,,,,0.3
2013,Stunden pro Tag,Zeitaufwand für unbezahlte Haus- und Pflegearbeit,Pflegearbeit,Städte,25 bis unter 45 Jahre,Männlich,,,,0.5
2022,Stunden pro Tag,Zeitaufwand für unbezahlte Haus- und Pflegearbeit,Pflegearbeit,Städte,25 bis unter 45 Jahre,Männlich,,,,0.7
2013,Stunden pro Tag,Zeitaufwand für unbezahlte Haus- und Pflegearbeit,Pflegearbeit,Städte,45 bis unter 55 Jahre,Männlich,,,,0.2
2022,Stunden pro Tag,Zeitaufwand für unbezahlte Haus- und Pflegearbeit,Pflegearbeit,Städte,45 bis unter 55 Jahre,Männlich,,,,0.3
2013,Stunden pro Tag,Zeitaufwand für unbezahlte Haus- und Pflegearbeit,Pflegearbeit,Ländliche Gebiete,15 Jahre und älter,Männlich,,,,0.2
2022,Stunden pro Tag,Zeitaufwand für unbezahlte Haus- und Pflegearbeit,Pflegearbeit,Ländliche Gebiete,15 Jahre und älter,Männlich,,,,0.3
2013,Stunden pro Tag,Zeitaufwand für unbezahlte Haus- und Pflegearbeit,Pflegearbeit,Ländliche Gebiete,25 bis unter 45 Jahre,Männlich,,,,0.4
2022,Stunden pro Tag,Zeitaufwand für unbezahlte Haus- und Pflegearbeit,Pflegearbeit,Ländliche Gebiete,25 bis unter 45 Jahre,Männlich,,,,0.5
2022,Stunden pro Tag,Zeitaufwand für unbezahlte Haus- und Pflegearbeit,Pflegearbeit,Ländliche Gebiete,45 bis unter 55 Jahre,Männlich,,,,0.3
