Year,Units,Series,Zeitreihe,Bundesland,GeoCode,COMMENT_OBS_0,COMMENT_OBS_1,COMMENT_OBS_2,Value
2010,Millionen Tonnen CO₂-Äquivalente,Treibhausgasemissionen,,,,,,,933.249925108334
2011,Millionen Tonnen CO₂-Äquivalente,Treibhausgasemissionen,,,,,,,907.615197464425
2012,Millionen Tonnen CO₂-Äquivalente,Treibhausgasemissionen,,,,,,,916.945385145628
2013,Millionen Tonnen CO₂-Äquivalente,Treibhausgasemissionen,,,,,,,936.610248430682
2014,Millionen Tonnen CO₂-Äquivalente,Treibhausgasemissionen,,,,,,,895.2318661089
2015,Millionen Tonnen CO₂-Äquivalente,Treibhausgasemissionen,,,,,,,898.605652898344
2016,Millionen Tonnen CO₂-Äquivalente,Treibhausgasemissionen,,,,,,,899.030115204541
2017,Millionen Tonnen CO₂-Äquivalente,Treibhausgasemissionen,,,,,,,886.279762812013
2018,Millionen Tonnen CO₂-Äquivalente,Treibhausgasemissionen,,,,,,,850.135000677796
2019,Millionen Tonnen CO₂-Äquivalente,Treibhausgasemissionen,,,,,,,798.000528720049
2020,Millionen Tonnen CO₂-Äquivalente,Treibhausgasemissionen,,,,,,,730.972371659189
2021,Millionen Tonnen CO₂-Äquivalente,Treibhausgasemissionen,,,,,,,762.772666937944
2022,Millionen Tonnen CO₂-Äquivalente,Treibhausgasemissionen,,,,,,,749.266424168252
2023,Millionen Tonnen CO₂-Äquivalente,Treibhausgasemissionen,,,,,,,669.578360463859
2024,Millionen Tonnen CO₂-Äquivalente,Treibhausgasemissionen,,,,,,,649.769518391961
2025,Millionen Tonnen CO₂-Äquivalente,Treibhausgasemissionen,,,,,,,648.866636628944
2010,Tonnen CO₂-Äquivalenten pro Kopf,Treibhausgasemissionen,,,,,,,11.6243575943941
2011,Tonnen CO₂-Äquivalenten pro Kopf,Treibhausgasemissionen,,,,,,,11.3063244779125
2012,Tonnen CO₂-Äquivalenten pro Kopf,Treibhausgasemissionen,,,,,,,11.4069215045796
2013,Tonnen CO₂-Äquivalenten pro Kopf,Treibhausgasemissionen,,,,,,,11.6324533754447
2014,Tonnen CO₂-Äquivalenten pro Kopf,Treibhausgasemissionen,,,,,,,11.0853644977451
2015,Tonnen CO₂-Äquivalenten pro Kopf,Treibhausgasemissionen,,,,,,,11.0467097693598
2016,Tonnen CO₂-Äquivalenten pro Kopf,Treibhausgasemissionen,,,,,,,10.9815935017106
2017,Tonnen CO₂-Äquivalenten pro Kopf,Treibhausgasemissionen,,,,,,,10.8032833907703
2018,Tonnen CO₂-Äquivalenten pro Kopf,Treibhausgasemissionen,,,,,,,10.3476879715398
2019,Tonnen CO₂-Äquivalenten pro Kopf,Treibhausgasemissionen,,,,,,,9.70768133425848
2020,Tonnen CO₂-Äquivalenten pro Kopf,Treibhausgasemissionen,,,,,,,8.90062065191522
2021,Tonnen CO₂-Äquivalenten pro Kopf,Treibhausgasemissionen,,,,,,,9.30267293051947
2022,Tonnen CO₂-Äquivalenten pro Kopf,Treibhausgasemissionen,,,,,,,9.07882591777742
2023,Tonnen CO₂-Äquivalenten pro Kopf,Treibhausgasemissionen,,,,,,,8.03941023765844
2024,Tonnen CO₂-Äquivalenten pro Kopf,Treibhausgasemissionen,,,,,,,7.78008690915575
2025,Tonnen CO₂-Äquivalenten pro Kopf,Treibhausgasemissionen,,,,,,,7.76974131416975
2010,Millionen Tonnen CO₂-Äquivalente,Treibhausgasemissionen,,Baden-Württemberg,code08,r,,,79.5
2011,Millionen Tonnen CO₂-Äquivalente,Treibhausgasemissionen,,Baden-Württemberg,code08,r,,,77.8
2012,Millionen Tonnen CO₂-Äquivalente,Treibhausgasemissionen,,Baden-Württemberg,code08,r,,,76.5
2013,Millionen Tonnen CO₂-Äquivalente,Treibhausgasemissionen,,Baden-Württemberg,code08,,,,82.1
2014,Millionen Tonnen CO₂-Äquivalente,Treibhausgasemissionen,,Baden-Württemberg,code08,r,,,76.9
2015,Millionen Tonnen CO₂-Äquivalente,Treibhausgasemissionen,,Baden-Württemberg,code08,r,,,78.4
2016,Millionen Tonnen CO₂-Äquivalente,Treibhausgasemissionen,,Baden-Württemberg,code08,r,,,80.2
2017,Millionen Tonnen CO₂-Äquivalente,Treibhausgasemissionen,,Baden-Württemberg,code08,r,,,80.7
2018,Millionen Tonnen CO₂-Äquivalente,Treibhausgasemissionen,,Baden-Württemberg,code08,r,,,77.4
2019,Millionen Tonnen CO₂-Äquivalente,Treibhausgasemissionen,,Baden-Württemberg,code08,r,,,74.6
2020,Millionen Tonnen CO₂-Äquivalente,Treibhausgasemissionen,,Baden-Württemberg,code08,r,,,69.2
2021,Millionen Tonnen CO₂-Äquivalente,Treibhausgasemissionen,,Baden-Württemberg,code08,r,,,72.4
2022,Millionen Tonnen CO₂-Äquivalente,Treibhausgasemissionen,,Baden-Württemberg,code08,,,,72.3
2010,Millionen Tonnen CO₂-Äquivalente,Treibhausgasemissionen,,Bayern,code09,r,,,99.1
2011,Millionen Tonnen CO₂-Äquivalente,Treibhausgasemissionen,,Bayern,code09,r,,,97.6
2012,Millionen Tonnen CO₂-Äquivalente,Treibhausgasemissionen,,Bayern,code09,r,,,97.7
2013,Millionen Tonnen CO₂-Äquivalente,Treibhausgasemissionen,,Bayern,code09,r,,,98.3
2014,Millionen Tonnen CO₂-Äquivalente,Treibhausgasemissionen,,Bayern,code09,r,,,94.2
2015,Millionen Tonnen CO₂-Äquivalente,Treibhausgasemissionen,,Bayern,code09,r,,,95.0
2016,Millionen Tonnen CO₂-Äquivalente,Treibhausgasemissionen,,Bayern,code09,r,,,96.7
2017,Millionen Tonnen CO₂-Äquivalente,Treibhausgasemissionen,,Bayern,code09,r,,,96.3
2018,Millionen Tonnen CO₂-Äquivalente,Treibhausgasemissionen,,Bayern,code09,r,,,94.9
2019,Millionen Tonnen CO₂-Äquivalente,Treibhausgasemissionen,,Bayern,code09,r,,,96.0
2020,Millionen Tonnen CO₂-Äquivalente,Treibhausgasemissionen,,Bayern,code09,r,,,91.9
2021,Millionen Tonnen CO₂-Äquivalente,Treibhausgasemissionen,,Bayern,code09,r,,,91.6
2022,Millionen Tonnen CO₂-Äquivalente,Treibhausgasemissionen,,Bayern,code09,,,,88.9
2010,Millionen Tonnen CO₂-Äquivalente,Treibhausgasemissionen,,Berlin,code11,,,,19.8
2011,Millionen Tonnen CO₂-Äquivalente,Treibhausgasemissionen,,Berlin,code11,r,,,17.5
2012,Millionen Tonnen CO₂-Äquivalente,Treibhausgasemissionen,,Berlin,code11,r,,,17.6
2013,Millionen Tonnen CO₂-Äquivalente,Treibhausgasemissionen,,Berlin,code11,,,,18.1
2014,Millionen Tonnen CO₂-Äquivalente,Treibhausgasemissionen,,Berlin,code11,,,,17.2
2015,Millionen Tonnen CO₂-Äquivalente,Treibhausgasemissionen,,Berlin,code11,,,,16.6
2016,Millionen Tonnen CO₂-Äquivalente,Treibhausgasemissionen,,Berlin,code11,,,,16.9
2017,Millionen Tonnen CO₂-Äquivalente,Treibhausgasemissionen,,Berlin,code11,,,,16.7
2018,Millionen Tonnen CO₂-Äquivalente,Treibhausgasemissionen,,Berlin,code11,r,,,15.5
2019,Millionen Tonnen CO₂-Äquivalente,Treibhausgasemissionen,,Berlin,code11,,,,14.5
2020,Millionen Tonnen CO₂-Äquivalente,Treibhausgasemissionen,,Berlin,code11,,,,13.6
2021,Millionen Tonnen CO₂-Äquivalente,Treibhausgasemissionen,,Berlin,code11,,,,14.3
2022,Millionen Tonnen CO₂-Äquivalente,Treibhausgasemissionen,,Berlin,code11,,,,13.5
2010,Millionen Tonnen CO₂-Äquivalente,Treibhausgasemissionen,,Brandenburg,code12,,,,63.3
2011,Millionen Tonnen CO₂-Äquivalente,Treibhausgasemissionen,,Brandenburg,code12,r,,,63.4
2012,Millionen Tonnen CO₂-Äquivalente,Treibhausgasemissionen,,Brandenburg,code12,r,,,64.4
2013,Millionen Tonnen CO₂-Äquivalente,Treibhausgasemissionen,,Brandenburg,code12,r,,,63.8
2014,Millionen Tonnen CO₂-Äquivalente,Treibhausgasemissionen,,Brandenburg,code12,r,,,62.6
2015,Millionen Tonnen CO₂-Äquivalente,Treibhausgasemissionen,,Brandenburg,code12,r,,,62.6
2016,Millionen Tonnen CO₂-Äquivalente,Treibhausgasemissionen,,Brandenburg,code12,r,,,62.3
2017,Millionen Tonnen CO₂-Äquivalente,Treibhausgasemissionen,,Brandenburg,code12,r,,,61.9
2018,Millionen Tonnen CO₂-Äquivalente,Treibhausgasemissionen,,Brandenburg,code12,r,,,62.2
2019,Millionen Tonnen CO₂-Äquivalente,Treibhausgasemissionen,,Brandenburg,code12,r,,,55.2
2020,Millionen Tonnen CO₂-Äquivalente,Treibhausgasemissionen,,Brandenburg,code12,,,,49.0
2021,Millionen Tonnen CO₂-Äquivalente,Treibhausgasemissionen,,Brandenburg,code12,r,,,51.6
2010,Millionen Tonnen CO₂-Äquivalente,Treibhausgasemissionen,,Bremen,code04,,,,14.4
2011,Millionen Tonnen CO₂-Äquivalente,Treibhausgasemissionen,,Bremen,code04,,,,13.5
2012,Millionen Tonnen CO₂-Äquivalente,Treibhausgasemissionen,,Bremen,code04,,,,13.7
2013,Millionen Tonnen CO₂-Äquivalente,Treibhausgasemissionen,,Bremen,code04,,,,13.9
2014,Millionen Tonnen CO₂-Äquivalente,Treibhausgasemissionen,,Bremen,code04,r,,,13.2
2015,Millionen Tonnen CO₂-Äquivalente,Treibhausgasemissionen,,Bremen,code04,,,,13.6
2016,Millionen Tonnen CO₂-Äquivalente,Treibhausgasemissionen,,Bremen,code04,,,,13.2
2017,Millionen Tonnen CO₂-Äquivalente,Treibhausgasemissionen,,Bremen,code04,,,,13.7
2018,Millionen Tonnen CO₂-Äquivalente,Treibhausgasemissionen,,Bremen,code04,,,,12.8
2019,Millionen Tonnen CO₂-Äquivalente,Treibhausgasemissionen,,Bremen,code04,,,,11.8
2020,Millionen Tonnen CO₂-Äquivalente,Treibhausgasemissionen,,Bremen,code04,,,,9.5
2010,Millionen Tonnen CO₂-Äquivalente,Treibhausgasemissionen,,Hamburg,code02,,,,12.3
2011,Millionen Tonnen CO₂-Äquivalente,Treibhausgasemissionen,,Hamburg,code02,,,,11.7
2012,Millionen Tonnen CO₂-Äquivalente,Treibhausgasemissionen,,Hamburg,code02,,,,11.5
2013,Millionen Tonnen CO₂-Äquivalente,Treibhausgasemissionen,,Hamburg,code02,,,,11.3
2014,Millionen Tonnen CO₂-Äquivalente,Treibhausgasemissionen,,Hamburg,code02,r,,,12.3
2015,Millionen Tonnen CO₂-Äquivalente,Treibhausgasemissionen,,Hamburg,code02,,,,15.4
2016,Millionen Tonnen CO₂-Äquivalente,Treibhausgasemissionen,,Hamburg,code02,,,,15.9
2017,Millionen Tonnen CO₂-Äquivalente,Treibhausgasemissionen,,Hamburg,code02,,,,16.5
2018,Millionen Tonnen CO₂-Äquivalente,Treibhausgasemissionen,,Hamburg,code02,,,,16.7
2019,Millionen Tonnen CO₂-Äquivalente,Treibhausgasemissionen,,Hamburg,code02,r,,,15.3
2020,Millionen Tonnen CO₂-Äquivalente,Treibhausgasemissionen,,Hamburg,code02,,,,11.6
2021,Millionen Tonnen CO₂-Äquivalente,Treibhausgasemissionen,,Hamburg,code02,,,,10.3
2022,Millionen Tonnen CO₂-Äquivalente,Treibhausgasemissionen,,Hamburg,code02,,,,9.6
2010,Millionen Tonnen CO₂-Äquivalente,Treibhausgasemissionen,,Hessen,code06,r,,,43.6
2011,Millionen Tonnen CO₂-Äquivalente,Treibhausgasemissionen,,Hessen,code06,r,,,41.7
2012,Millionen Tonnen CO₂-Äquivalente,Treibhausgasemissionen,,Hessen,code06,r,,,41.7
2013,Millionen Tonnen CO₂-Äquivalente,Treibhausgasemissionen,,Hessen,code06,r,,,41.4
2014,Millionen Tonnen CO₂-Äquivalente,Treibhausgasemissionen,,Hessen,code06,,,,38.7
2015,Millionen Tonnen CO₂-Äquivalente,Treibhausgasemissionen,,Hessen,code06,r,,,40.5
2016,Millionen Tonnen CO₂-Äquivalente,Treibhausgasemissionen,,Hessen,code06,r,,,41.7
2017,Millionen Tonnen CO₂-Äquivalente,Treibhausgasemissionen,,Hessen,code06,r,,,40.7
2018,Millionen Tonnen CO₂-Äquivalente,Treibhausgasemissionen,,Hessen,code06,r,,,38.8
2019,Millionen Tonnen CO₂-Äquivalente,Treibhausgasemissionen,,Hessen,code06,r,,,38.9
2020,Millionen Tonnen CO₂-Äquivalente,Treibhausgasemissionen,,Hessen,code06,r,,,35.9
2021,Millionen Tonnen CO₂-Äquivalente,Treibhausgasemissionen,,Hessen,code06,r,,,36.5
2022,Millionen Tonnen CO₂-Äquivalente,Treibhausgasemissionen,,Hessen,code06,,,,36.7
2010,Millionen Tonnen CO₂-Äquivalente,Treibhausgasemissionen,,Niedersachsen,code03,r,,,86.1
2011,Millionen Tonnen CO₂-Äquivalente,Treibhausgasemissionen,,Niedersachsen,code03,r,,,85.0
2012,Millionen Tonnen CO₂-Äquivalente,Treibhausgasemissionen,,Niedersachsen,code03,r,,,82.8
2013,Millionen Tonnen CO₂-Äquivalente,Treibhausgasemissionen,,Niedersachsen,code03,r,,,83.7
2014,Millionen Tonnen CO₂-Äquivalente,Treibhausgasemissionen,,Niedersachsen,code03,r,,,85.0
2015,Millionen Tonnen CO₂-Äquivalente,Treibhausgasemissionen,,Niedersachsen,code03,r,,,84.4
2016,Millionen Tonnen CO₂-Äquivalente,Treibhausgasemissionen,,Niedersachsen,code03,r,,,84.1
2017,Millionen Tonnen CO₂-Äquivalente,Treibhausgasemissionen,,Niedersachsen,code03,r,,,82.5
2018,Millionen Tonnen CO₂-Äquivalente,Treibhausgasemissionen,,Niedersachsen,code03,r,,,81.1
2019,Millionen Tonnen CO₂-Äquivalente,Treibhausgasemissionen,,Niedersachsen,code03,r,,,77.6
2020,Millionen Tonnen CO₂-Äquivalente,Treibhausgasemissionen,,Niedersachsen,code03,r,,,74.2
2021,Millionen Tonnen CO₂-Äquivalente,Treibhausgasemissionen,,Niedersachsen,code03,r,,,75.4
2022,Millionen Tonnen CO₂-Äquivalente,Treibhausgasemissionen,,Niedersachsen,code03,,,,73.0
2010,Millionen Tonnen CO₂-Äquivalente,Treibhausgasemissionen,,Nordrhein-Westfalen,code05,r,,,301.0
2011,Millionen Tonnen CO₂-Äquivalente,Treibhausgasemissionen,,Nordrhein-Westfalen,code05,r,,,290.7
2012,Millionen Tonnen CO₂-Äquivalente,Treibhausgasemissionen,,Nordrhein-Westfalen,code05,r,,,295.7
2013,Millionen Tonnen CO₂-Äquivalente,Treibhausgasemissionen,,Nordrhein-Westfalen,code05,r,,,291.4
2014,Millionen Tonnen CO₂-Äquivalente,Treibhausgasemissionen,,Nordrhein-Westfalen,code05,r,,,285.0
2015,Millionen Tonnen CO₂-Äquivalente,Treibhausgasemissionen,,Nordrhein-Westfalen,code05,r,,,280.1
2016,Millionen Tonnen CO₂-Äquivalente,Treibhausgasemissionen,,Nordrhein-Westfalen,code05,r,,,280.3
2017,Millionen Tonnen CO₂-Äquivalente,Treibhausgasemissionen,,Nordrhein-Westfalen,code05,r,,,265.6
2018,Millionen Tonnen CO₂-Äquivalente,Treibhausgasemissionen,,Nordrhein-Westfalen,code05,r,,,258.6
2019,Millionen Tonnen CO₂-Äquivalente,Treibhausgasemissionen,,Nordrhein-Westfalen,code05,r,,,231.5
2020,Millionen Tonnen CO₂-Äquivalente,Treibhausgasemissionen,,Nordrhein-Westfalen,code05,r,,,209.1
2021,Millionen Tonnen CO₂-Äquivalente,Treibhausgasemissionen,,Nordrhein-Westfalen,code05,r,,,221.1
2010,Millionen Tonnen CO₂-Äquivalente,Treibhausgasemissionen,,Rheinland-Pfalz,code07,r,,,34.3
2011,Millionen Tonnen CO₂-Äquivalente,Treibhausgasemissionen,,Rheinland-Pfalz,code07,r,,,31.9
2012,Millionen Tonnen CO₂-Äquivalente,Treibhausgasemissionen,,Rheinland-Pfalz,code07,r,,,32.0
2013,Millionen Tonnen CO₂-Äquivalente,Treibhausgasemissionen,,Rheinland-Pfalz,code07,r,,,33.3
2014,Millionen Tonnen CO₂-Äquivalente,Treibhausgasemissionen,,Rheinland-Pfalz,code07,r,,,31.2
2015,Millionen Tonnen CO₂-Äquivalente,Treibhausgasemissionen,,Rheinland-Pfalz,code07,r,,,31.7
2016,Millionen Tonnen CO₂-Äquivalente,Treibhausgasemissionen,,Rheinland-Pfalz,code07,r,,,32.0
2017,Millionen Tonnen CO₂-Äquivalente,Treibhausgasemissionen,,Rheinland-Pfalz,code07,,,,32.2
2018,Millionen Tonnen CO₂-Äquivalente,Treibhausgasemissionen,,Rheinland-Pfalz,code07,,,,31.3
2019,Millionen Tonnen CO₂-Äquivalente,Treibhausgasemissionen,,Rheinland-Pfalz,code07,r,,,32.0
2020,Millionen Tonnen CO₂-Äquivalente,Treibhausgasemissionen,,Rheinland-Pfalz,code07,r,,,31.2
2021,Millionen Tonnen CO₂-Äquivalente,Treibhausgasemissionen,,Rheinland-Pfalz,code07,,,,31.2
2022,Millionen Tonnen CO₂-Äquivalente,Treibhausgasemissionen,,Rheinland-Pfalz,code07,,,,28.8
2010,Millionen Tonnen CO₂-Äquivalente,Treibhausgasemissionen,,Saarland,code10,,,,20.4
2011,Millionen Tonnen CO₂-Äquivalente,Treibhausgasemissionen,,Saarland,code10,r,,,22.1
2012,Millionen Tonnen CO₂-Äquivalente,Treibhausgasemissionen,,Saarland,code10,r,,,22.7
2013,Millionen Tonnen CO₂-Äquivalente,Treibhausgasemissionen,,Saarland,code10,r,,,23.8
2014,Millionen Tonnen CO₂-Äquivalente,Treibhausgasemissionen,,Saarland,code10,,,,21.6
2015,Millionen Tonnen CO₂-Äquivalente,Treibhausgasemissionen,,Saarland,code10,,,,22.4
2016,Millionen Tonnen CO₂-Äquivalente,Treibhausgasemissionen,,Saarland,code10,,,,17.8
2019,Millionen Tonnen CO₂-Äquivalente,Treibhausgasemissionen,,Saarland,code10,,,,13.4
2020,Millionen Tonnen CO₂-Äquivalente,Treibhausgasemissionen,,Saarland,code10,r,,,12.4
2021,Millionen Tonnen CO₂-Äquivalente,Treibhausgasemissionen,,Saarland,code10,,,,14.4
2022,Millionen Tonnen CO₂-Äquivalente,Treibhausgasemissionen,,Saarland,code10,,,,14.4
2010,Millionen Tonnen CO₂-Äquivalente,Treibhausgasemissionen,,Sachsen,code14,r,,,51.3
2011,Millionen Tonnen CO₂-Äquivalente,Treibhausgasemissionen,,Sachsen,code14,r,,,49.2
2012,Millionen Tonnen CO₂-Äquivalente,Treibhausgasemissionen,,Sachsen,code14,r,,,50.9
2013,Millionen Tonnen CO₂-Äquivalente,Treibhausgasemissionen,,Sachsen,code14,r,,,53.5
2014,Millionen Tonnen CO₂-Äquivalente,Treibhausgasemissionen,,Sachsen,code14,r,,,52.7
2015,Millionen Tonnen CO₂-Äquivalente,Treibhausgasemissionen,,Sachsen,code14,r,,,51.6
2016,Millionen Tonnen CO₂-Äquivalente,Treibhausgasemissionen,,Sachsen,code14,r,,,51.9
2017,Millionen Tonnen CO₂-Äquivalente,Treibhausgasemissionen,,Sachsen,code14,r,,,53.6
2018,Millionen Tonnen CO₂-Äquivalente,Treibhausgasemissionen,,Sachsen,code14,r,,,53.1
2019,Millionen Tonnen CO₂-Äquivalente,Treibhausgasemissionen,,Sachsen,code14,r,,,50.0
2020,Millionen Tonnen CO₂-Äquivalente,Treibhausgasemissionen,,Sachsen,code14,r,,,45.3
2021,Millionen Tonnen CO₂-Äquivalente,Treibhausgasemissionen,,Sachsen,code14,r,,,49.4
2022,Millionen Tonnen CO₂-Äquivalente,Treibhausgasemissionen,,Sachsen,code14,,,,52.9
2010,Millionen Tonnen CO₂-Äquivalente,Treibhausgasemissionen,,Sachsen-Anhalt,code15,r,,,37.1
2011,Millionen Tonnen CO₂-Äquivalente,Treibhausgasemissionen,,Sachsen-Anhalt,code15,,,,36.7
2012,Millionen Tonnen CO₂-Äquivalente,Treibhausgasemissionen,,Sachsen-Anhalt,code15,,,,37.1
2013,Millionen Tonnen CO₂-Äquivalente,Treibhausgasemissionen,,Sachsen-Anhalt,code15,,,,36.5
2014,Millionen Tonnen CO₂-Äquivalente,Treibhausgasemissionen,,Sachsen-Anhalt,code15,,,,34.6
2015,Millionen Tonnen CO₂-Äquivalente,Treibhausgasemissionen,,Sachsen-Anhalt,code15,,,,33.8
2016,Millionen Tonnen CO₂-Äquivalente,Treibhausgasemissionen,,Sachsen-Anhalt,code15,r,,,32.9
2017,Millionen Tonnen CO₂-Äquivalente,Treibhausgasemissionen,,Sachsen-Anhalt,code15,r,,,33.1
2018,Millionen Tonnen CO₂-Äquivalente,Treibhausgasemissionen,,Sachsen-Anhalt,code15,r,,,34.4
2019,Millionen Tonnen CO₂-Äquivalente,Treibhausgasemissionen,,Sachsen-Anhalt,code15,r,,,31.1
2020,Millionen Tonnen CO₂-Äquivalente,Treibhausgasemissionen,,Sachsen-Anhalt,code15,,,,29.1
2021,Millionen Tonnen CO₂-Äquivalente,Treibhausgasemissionen,,Sachsen-Anhalt,code15,r,,,30.9
2022,Millionen Tonnen CO₂-Äquivalente,Treibhausgasemissionen,,Sachsen-Anhalt,code15,,,,28.2
2010,Millionen Tonnen CO₂-Äquivalente,Treibhausgasemissionen,,Schleswig-Holstein,code01,,,,27.5
2011,Millionen Tonnen CO₂-Äquivalente,Treibhausgasemissionen,,Schleswig-Holstein,code01,r,,,26.0
2012,Millionen Tonnen CO₂-Äquivalente,Treibhausgasemissionen,,Schleswig-Holstein,code01,r,,,27.4
2013,Millionen Tonnen CO₂-Äquivalente,Treibhausgasemissionen,,Schleswig-Holstein,code01,r,,,27.7
2014,Millionen Tonnen CO₂-Äquivalente,Treibhausgasemissionen,,Schleswig-Holstein,code01,r,,,26.5
2015,Millionen Tonnen CO₂-Äquivalente,Treibhausgasemissionen,,Schleswig-Holstein,code01,,,,26.1
2016,Millionen Tonnen CO₂-Äquivalente,Treibhausgasemissionen,,Schleswig-Holstein,code01,,,,26.0
2017,Millionen Tonnen CO₂-Äquivalente,Treibhausgasemissionen,,Schleswig-Holstein,code01,,,,26.0
2018,Millionen Tonnen CO₂-Äquivalente,Treibhausgasemissionen,,Schleswig-Holstein,code01,r,,,25.5
2019,Millionen Tonnen CO₂-Äquivalente,Treibhausgasemissionen,,Schleswig-Holstein,code01,,,,24.0
2020,Millionen Tonnen CO₂-Äquivalente,Treibhausgasemissionen,,Schleswig-Holstein,code01,,,,23.6
2021,Millionen Tonnen CO₂-Äquivalente,Treibhausgasemissionen,,Schleswig-Holstein,code01,,,,23.5
2022,Millionen Tonnen CO₂-Äquivalente,Treibhausgasemissionen,,Schleswig-Holstein,code01,,,,23.0
2010,Tonnen CO₂-Äquivalenten pro Kopf,Treibhausgasemissionen,,Baden-Württemberg,code08,,,,7.6
2010,Tonnen CO₂-Äquivalenten pro Kopf,Treibhausgasemissionen,,Bayern,code09,,,,8.0
2010,Tonnen CO₂-Äquivalenten pro Kopf,Treibhausgasemissionen,,Berlin,code11,,,,6.0
2010,Tonnen CO₂-Äquivalenten pro Kopf,Treibhausgasemissionen,,Brandenburg,code12,,,,25.7
2010,Tonnen CO₂-Äquivalenten pro Kopf,Treibhausgasemissionen,,Bremen,code04,,,,22.1
2010,Tonnen CO₂-Äquivalenten pro Kopf,Treibhausgasemissionen,,Hamburg,code02,,,,7.3
2010,Tonnen CO₂-Äquivalenten pro Kopf,Treibhausgasemissionen,,Hessen,code06,,,,7.3
2010,Tonnen CO₂-Äquivalenten pro Kopf,Treibhausgasemissionen,,Niedersachsen,code03,,,,11.1
2010,Tonnen CO₂-Äquivalenten pro Kopf,Treibhausgasemissionen,,Nordrhein-Westfalen,code05,,,,17.1
2010,Tonnen CO₂-Äquivalenten pro Kopf,Treibhausgasemissionen,,Rheinland-Pfalz,code07,,,,8.6
2010,Tonnen CO₂-Äquivalenten pro Kopf,Treibhausgasemissionen,,Saarland,code10,,,,20.3
2010,Tonnen CO₂-Äquivalenten pro Kopf,Treibhausgasemissionen,,Sachsen,code14,,,,12.6
2010,Tonnen CO₂-Äquivalenten pro Kopf,Treibhausgasemissionen,,Sachsen-Anhalt,code15,,,,16.1
2010,Tonnen CO₂-Äquivalenten pro Kopf,Treibhausgasemissionen,,Schleswig-Holstein,code01,,,,9.8
2011,Tonnen CO₂-Äquivalenten pro Kopf,Treibhausgasemissionen,,Baden-Württemberg,code08,,,,7.4
2011,Tonnen CO₂-Äquivalenten pro Kopf,Treibhausgasemissionen,,Bayern,code09,,,,7.9
2011,Tonnen CO₂-Äquivalenten pro Kopf,Treibhausgasemissionen,,Berlin,code11,,,,5.3
2011,Tonnen CO₂-Äquivalenten pro Kopf,Treibhausgasemissionen,,Brandenburg,code12,,,,25.8
2011,Tonnen CO₂-Äquivalenten pro Kopf,Treibhausgasemissionen,,Bremen,code04,,,,20.7
2011,Tonnen CO₂-Äquivalenten pro Kopf,Treibhausgasemissionen,,Hamburg,code02,,,,6.8
2011,Tonnen CO₂-Äquivalenten pro Kopf,Treibhausgasemissionen,,Hessen,code06,,,,7.0
2011,Tonnen CO₂-Äquivalenten pro Kopf,Treibhausgasemissionen,,Niedersachsen,code03,,,,10.9
2011,Tonnen CO₂-Äquivalenten pro Kopf,Treibhausgasemissionen,,Nordrhein-Westfalen,code05,,,,16.6
2011,Tonnen CO₂-Äquivalenten pro Kopf,Treibhausgasemissionen,,Rheinland-Pfalz,code07,,,,8.0
2011,Tonnen CO₂-Äquivalenten pro Kopf,Treibhausgasemissionen,,Saarland,code10,,,,22.1
2011,Tonnen CO₂-Äquivalenten pro Kopf,Treibhausgasemissionen,,Sachsen,code14,,,,12.1
2011,Tonnen CO₂-Äquivalenten pro Kopf,Treibhausgasemissionen,,Sachsen-Anhalt,code15,,,,16.1
2011,Tonnen CO₂-Äquivalenten pro Kopf,Treibhausgasemissionen,,Schleswig-Holstein,code01,,,,9.3
2012,Tonnen CO₂-Äquivalenten pro Kopf,Treibhausgasemissionen,,Baden-Württemberg,code08,,,,7.3
2012,Tonnen CO₂-Äquivalenten pro Kopf,Treibhausgasemissionen,,Bayern,code09,,,,7.8
2012,Tonnen CO₂-Äquivalenten pro Kopf,Treibhausgasemissionen,,Berlin,code11,,,,5.2
2012,Tonnen CO₂-Äquivalenten pro Kopf,Treibhausgasemissionen,,Brandenburg,code12,,,,26.3
2012,Tonnen CO₂-Äquivalenten pro Kopf,Treibhausgasemissionen,,Bremen,code04,,,,21.0
2012,Tonnen CO₂-Äquivalenten pro Kopf,Treibhausgasemissionen,,Hamburg,code02,,,,6.7
2012,Tonnen CO₂-Äquivalenten pro Kopf,Treibhausgasemissionen,,Hessen,code06,,,,6.9
2012,Tonnen CO₂-Äquivalenten pro Kopf,Treibhausgasemissionen,,Niedersachsen,code03,,,,10.6
2012,Tonnen CO₂-Äquivalenten pro Kopf,Treibhausgasemissionen,,Nordrhein-Westfalen,code05,,,,16.8
2012,Tonnen CO₂-Äquivalenten pro Kopf,Treibhausgasemissionen,,Rheinland-Pfalz,code07,,,,8.0
2012,Tonnen CO₂-Äquivalenten pro Kopf,Treibhausgasemissionen,,Saarland,code10,,,,22.8
2012,Tonnen CO₂-Äquivalenten pro Kopf,Treibhausgasemissionen,,Sachsen,code14,,,,12.6
2012,Tonnen CO₂-Äquivalenten pro Kopf,Treibhausgasemissionen,,Sachsen-Anhalt,code15,,,,16.4
2012,Tonnen CO₂-Äquivalenten pro Kopf,Treibhausgasemissionen,,Schleswig-Holstein,code01,,,,9.8
2013,Tonnen CO₂-Äquivalenten pro Kopf,Treibhausgasemissionen,,Baden-Württemberg,code08,,,,7.7
2013,Tonnen CO₂-Äquivalenten pro Kopf,Treibhausgasemissionen,,Bayern,code09,,,,7.8
2013,Tonnen CO₂-Äquivalenten pro Kopf,Treibhausgasemissionen,,Berlin,code11,,,,5.3
2013,Tonnen CO₂-Äquivalenten pro Kopf,Treibhausgasemissionen,,Brandenburg,code12,,,,26.0
2013,Tonnen CO₂-Äquivalenten pro Kopf,Treibhausgasemissionen,,Bremen,code04,,,,21.2
2013,Tonnen CO₂-Äquivalenten pro Kopf,Treibhausgasemissionen,,Hamburg,code02,,,,6.5
2013,Tonnen CO₂-Äquivalenten pro Kopf,Treibhausgasemissionen,,Hessen,code06,,,,6.9
2013,Tonnen CO₂-Äquivalenten pro Kopf,Treibhausgasemissionen,,Niedersachsen,code03,,,,10.7
2013,Tonnen CO₂-Äquivalenten pro Kopf,Treibhausgasemissionen,,Nordrhein-Westfalen,code05,,,,16.6
2013,Tonnen CO₂-Äquivalenten pro Kopf,Treibhausgasemissionen,,Rheinland-Pfalz,code07,,,,8.3
2013,Tonnen CO₂-Äquivalenten pro Kopf,Treibhausgasemissionen,,Saarland,code10,,,,23.9
2013,Tonnen CO₂-Äquivalenten pro Kopf,Treibhausgasemissionen,,Sachsen,code14,,,,13.2
2013,Tonnen CO₂-Äquivalenten pro Kopf,Treibhausgasemissionen,,Sachsen-Anhalt,code15,,,,16.2
2013,Tonnen CO₂-Äquivalenten pro Kopf,Treibhausgasemissionen,,Schleswig-Holstein,code01,,,,9.9
2014,Tonnen CO₂-Äquivalenten pro Kopf,Treibhausgasemissionen,,Baden-Württemberg,code08,,,,7.2
2014,Tonnen CO₂-Äquivalenten pro Kopf,Treibhausgasemissionen,,Bayern,code09,,,,7.4
2014,Tonnen CO₂-Äquivalenten pro Kopf,Treibhausgasemissionen,,Berlin,code11,,,,5.0
2014,Tonnen CO₂-Äquivalenten pro Kopf,Treibhausgasemissionen,,Brandenburg,code12,,,,25.5
2014,Tonnen CO₂-Äquivalenten pro Kopf,Treibhausgasemissionen,,Bremen,code04,,,,20.0
2014,Tonnen CO₂-Äquivalenten pro Kopf,Treibhausgasemissionen,,Hamburg,code02,,,,7.0
2014,Tonnen CO₂-Äquivalenten pro Kopf,Treibhausgasemissionen,,Hessen,code06,,,,6.4
2014,Tonnen CO₂-Äquivalenten pro Kopf,Treibhausgasemissionen,,Niedersachsen,code03,,,,10.9
2014,Tonnen CO₂-Äquivalenten pro Kopf,Treibhausgasemissionen,,Nordrhein-Westfalen,code05,,,,16.2
2014,Tonnen CO₂-Äquivalenten pro Kopf,Treibhausgasemissionen,,Rheinland-Pfalz,code07,,,,7.8
2014,Tonnen CO₂-Äquivalenten pro Kopf,Treibhausgasemissionen,,Saarland,code10,,,,21.8
2014,Tonnen CO₂-Äquivalenten pro Kopf,Treibhausgasemissionen,,Sachsen,code14,,,,13.0
2014,Tonnen CO₂-Äquivalenten pro Kopf,Treibhausgasemissionen,,Sachsen-Anhalt,code15,,,,15.5
2014,Tonnen CO₂-Äquivalenten pro Kopf,Treibhausgasemissionen,,Schleswig-Holstein,code01,,,,9.4
2015,Tonnen CO₂-Äquivalenten pro Kopf,Treibhausgasemissionen,,Baden-Württemberg,code08,,,,7.3
2015,Tonnen CO₂-Äquivalenten pro Kopf,Treibhausgasemissionen,,Bayern,code09,,,,7.4
2015,Tonnen CO₂-Äquivalenten pro Kopf,Treibhausgasemissionen,,Berlin,code11,,,,4.8
2015,Tonnen CO₂-Äquivalenten pro Kopf,Treibhausgasemissionen,,Brandenburg,code12,,,,25.3
2015,Tonnen CO₂-Äquivalenten pro Kopf,Treibhausgasemissionen,,Bremen,code04,,,,20.5
2015,Tonnen CO₂-Äquivalenten pro Kopf,Treibhausgasemissionen,,Hamburg,code02,,,,8.7
2015,Tonnen CO₂-Äquivalenten pro Kopf,Treibhausgasemissionen,,Hessen,code06,,,,6.6
2015,Tonnen CO₂-Äquivalenten pro Kopf,Treibhausgasemissionen,,Niedersachsen,code03,,,,10.7
2015,Tonnen CO₂-Äquivalenten pro Kopf,Treibhausgasemissionen,,Nordrhein-Westfalen,code05,,,,15.8
2015,Tonnen CO₂-Äquivalenten pro Kopf,Treibhausgasemissionen,,Rheinland-Pfalz,code07,,,,7.9
2015,Tonnen CO₂-Äquivalenten pro Kopf,Treibhausgasemissionen,,Saarland,code10,,,,22.6
2015,Tonnen CO₂-Äquivalenten pro Kopf,Treibhausgasemissionen,,Sachsen,code14,,,,12.7
2015,Tonnen CO₂-Äquivalenten pro Kopf,Treibhausgasemissionen,,Sachsen-Anhalt,code15,,,,15.1
2015,Tonnen CO₂-Äquivalenten pro Kopf,Treibhausgasemissionen,,Schleswig-Holstein,code01,,,,9.2
2016,Tonnen CO₂-Äquivalenten pro Kopf,Treibhausgasemissionen,,Baden-Württemberg,code08,,,,7.4
2016,Tonnen CO₂-Äquivalenten pro Kopf,Treibhausgasemissionen,,Bayern,code09,,,,7.5
2016,Tonnen CO₂-Äquivalenten pro Kopf,Treibhausgasemissionen,,Berlin,code11,,,,4.8
2016,Tonnen CO₂-Äquivalenten pro Kopf,Treibhausgasemissionen,,Brandenburg,code12,,,,25.0
2016,Tonnen CO₂-Äquivalenten pro Kopf,Treibhausgasemissionen,,Bremen,code04,,,,19.6
2016,Tonnen CO₂-Äquivalenten pro Kopf,Treibhausgasemissionen,,Hamburg,code02,,,,8.9
2016,Tonnen CO₂-Äquivalenten pro Kopf,Treibhausgasemissionen,,Hessen,code06,,,,6.7
2016,Tonnen CO₂-Äquivalenten pro Kopf,Treibhausgasemissionen,,Niedersachsen,code03,,,,10.6
2016,Tonnen CO₂-Äquivalenten pro Kopf,Treibhausgasemissionen,,Nordrhein-Westfalen,code05,,,,15.7
2016,Tonnen CO₂-Äquivalenten pro Kopf,Treibhausgasemissionen,,Rheinland-Pfalz,code07,,,,7.9
2016,Tonnen CO₂-Äquivalenten pro Kopf,Treibhausgasemissionen,,Saarland,code10,,,,17.9
2016,Tonnen CO₂-Äquivalenten pro Kopf,Treibhausgasemissionen,,Sachsen,code14,,,,12.7
2016,Tonnen CO₂-Äquivalenten pro Kopf,Treibhausgasemissionen,,Sachsen-Anhalt,code15,,,,14.7
2016,Tonnen CO₂-Äquivalenten pro Kopf,Treibhausgasemissionen,,Schleswig-Holstein,code01,,,,9.1
2017,Tonnen CO₂-Äquivalenten pro Kopf,Treibhausgasemissionen,,Baden-Württemberg,code08,,,,7.3
2017,Tonnen CO₂-Äquivalenten pro Kopf,Treibhausgasemissionen,,Bayern,code09,,,,7.4
2017,Tonnen CO₂-Äquivalenten pro Kopf,Treibhausgasemissionen,,Berlin,code11,,,,4.6
2017,Tonnen CO₂-Äquivalenten pro Kopf,Treibhausgasemissionen,,Brandenburg,code12,,,,24.8
2017,Tonnen CO₂-Äquivalenten pro Kopf,Treibhausgasemissionen,,Bremen,code04,,,,20.2
2017,Tonnen CO₂-Äquivalenten pro Kopf,Treibhausgasemissionen,,Hamburg,code02,,,,9.1
2017,Tonnen CO₂-Äquivalenten pro Kopf,Treibhausgasemissionen,,Hessen,code06,,,,6.5
2017,Tonnen CO₂-Äquivalenten pro Kopf,Treibhausgasemissionen,,Niedersachsen,code03,,,,10.4
2017,Tonnen CO₂-Äquivalenten pro Kopf,Treibhausgasemissionen,,Nordrhein-Westfalen,code05,,,,14.8
2017,Tonnen CO₂-Äquivalenten pro Kopf,Treibhausgasemissionen,,Rheinland-Pfalz,code07,,,,7.9
2017,Tonnen CO₂-Äquivalenten pro Kopf,Treibhausgasemissionen,,Sachsen,code14,,,,13.1
2017,Tonnen CO₂-Äquivalenten pro Kopf,Treibhausgasemissionen,,Sachsen-Anhalt,code15,,,,14.8
2017,Tonnen CO₂-Äquivalenten pro Kopf,Treibhausgasemissionen,,Schleswig-Holstein,code01,,,,9.0
2018,Tonnen CO₂-Äquivalenten pro Kopf,Treibhausgasemissionen,,Baden-Württemberg,code08,,,,7.0
2018,Tonnen CO₂-Äquivalenten pro Kopf,Treibhausgasemissionen,,Bayern,code09,,,,7.3
2018,Tonnen CO₂-Äquivalenten pro Kopf,Treibhausgasemissionen,,Berlin,code11,,,,4.3
2018,Tonnen CO₂-Äquivalenten pro Kopf,Treibhausgasemissionen,,Brandenburg,code12,,,,24.8
2018,Tonnen CO₂-Äquivalenten pro Kopf,Treibhausgasemissionen,,Bremen,code04,,,,18.7
2018,Tonnen CO₂-Äquivalenten pro Kopf,Treibhausgasemissionen,,Hamburg,code02,,,,9.1
2018,Tonnen CO₂-Äquivalenten pro Kopf,Treibhausgasemissionen,,Hessen,code06,,,,6.2
2018,Tonnen CO₂-Äquivalenten pro Kopf,Treibhausgasemissionen,,Niedersachsen,code03,,,,10.2
2018,Tonnen CO₂-Äquivalenten pro Kopf,Treibhausgasemissionen,,Nordrhein-Westfalen,code05,,,,14.4
2018,Tonnen CO₂-Äquivalenten pro Kopf,Treibhausgasemissionen,,Rheinland-Pfalz,code07,,,,7.7
2018,Tonnen CO₂-Äquivalenten pro Kopf,Treibhausgasemissionen,,Sachsen,code14,,,,13.0
2018,Tonnen CO₂-Äquivalenten pro Kopf,Treibhausgasemissionen,,Sachsen-Anhalt,code15,,,,15.5
2018,Tonnen CO₂-Äquivalenten pro Kopf,Treibhausgasemissionen,,Schleswig-Holstein,code01,,,,8.8
2019,Tonnen CO₂-Äquivalenten pro Kopf,Treibhausgasemissionen,,Baden-Württemberg,code08,,,,6.7
2019,Tonnen CO₂-Äquivalenten pro Kopf,Treibhausgasemissionen,,Bayern,code09,,,,7.3
2019,Tonnen CO₂-Äquivalenten pro Kopf,Treibhausgasemissionen,,Berlin,code11,,,,4.0
2019,Tonnen CO₂-Äquivalenten pro Kopf,Treibhausgasemissionen,,Brandenburg,code12,,,,21.9
2019,Tonnen CO₂-Äquivalenten pro Kopf,Treibhausgasemissionen,,Bremen,code04,,,,17.3
2019,Tonnen CO₂-Äquivalenten pro Kopf,Treibhausgasemissionen,,Hamburg,code02,,,,8.3
2019,Tonnen CO₂-Äquivalenten pro Kopf,Treibhausgasemissionen,,Hessen,code06,,,,6.2
2019,Tonnen CO₂-Äquivalenten pro Kopf,Treibhausgasemissionen,,Niedersachsen,code03,,,,9.7
2019,Tonnen CO₂-Äquivalenten pro Kopf,Treibhausgasemissionen,,Nordrhein-Westfalen,code05,,,,12.9
2019,Tonnen CO₂-Äquivalenten pro Kopf,Treibhausgasemissionen,,Rheinland-Pfalz,code07,,,,7.8
2019,Tonnen CO₂-Äquivalenten pro Kopf,Treibhausgasemissionen,,Saarland,code10,,,,13.5
2019,Tonnen CO₂-Äquivalenten pro Kopf,Treibhausgasemissionen,,Sachsen,code14,,,,12.2
2019,Tonnen CO₂-Äquivalenten pro Kopf,Treibhausgasemissionen,,Sachsen-Anhalt,code15,,,,14.1
2019,Tonnen CO₂-Äquivalenten pro Kopf,Treibhausgasemissionen,,Schleswig-Holstein,code01,,,,8.3
2020,Tonnen CO₂-Äquivalenten pro Kopf,Treibhausgasemissionen,,Baden-Württemberg,code08,,,,6.2
2020,Tonnen CO₂-Äquivalenten pro Kopf,Treibhausgasemissionen,,Bayern,code09,,,,7.0
2020,Tonnen CO₂-Äquivalenten pro Kopf,Treibhausgasemissionen,,Berlin,code11,,,,3.7
2020,Tonnen CO₂-Äquivalenten pro Kopf,Treibhausgasemissionen,,Brandenburg,code12,,,,19.4
2020,Tonnen CO₂-Äquivalenten pro Kopf,Treibhausgasemissionen,,Bremen,code04,,,,14.0
2020,Tonnen CO₂-Äquivalenten pro Kopf,Treibhausgasemissionen,,Hamburg,code02,,,,6.3
2020,Tonnen CO₂-Äquivalenten pro Kopf,Treibhausgasemissionen,,Hessen,code06,,,,5.7
2020,Tonnen CO₂-Äquivalenten pro Kopf,Treibhausgasemissionen,,Niedersachsen,code03,,,,9.3
2020,Tonnen CO₂-Äquivalenten pro Kopf,Treibhausgasemissionen,,Nordrhein-Westfalen,code05,,,,11.7
2020,Tonnen CO₂-Äquivalenten pro Kopf,Treibhausgasemissionen,,Rheinland-Pfalz,code07,,,,7.6
2020,Tonnen CO₂-Äquivalenten pro Kopf,Treibhausgasemissionen,,Saarland,code10,,,,12.5
2020,Tonnen CO₂-Äquivalenten pro Kopf,Treibhausgasemissionen,,Sachsen,code14,,,,11.1
2020,Tonnen CO₂-Äquivalenten pro Kopf,Treibhausgasemissionen,,Sachsen-Anhalt,code15,,,,13.3
2020,Tonnen CO₂-Äquivalenten pro Kopf,Treibhausgasemissionen,,Schleswig-Holstein,code01,,,,8.1
2021,Tonnen CO₂-Äquivalenten pro Kopf,Treibhausgasemissionen,,Baden-Württemberg,code08,,,,6.5
2021,Tonnen CO₂-Äquivalenten pro Kopf,Treibhausgasemissionen,,Bayern,code09,,,,7.0
2021,Tonnen CO₂-Äquivalenten pro Kopf,Treibhausgasemissionen,,Berlin,code11,,,,3.9
2021,Tonnen CO₂-Äquivalenten pro Kopf,Treibhausgasemissionen,,Brandenburg,code12,,,,20.4
2021,Tonnen CO₂-Äquivalenten pro Kopf,Treibhausgasemissionen,,Hamburg,code02,,,,5.6
2021,Tonnen CO₂-Äquivalenten pro Kopf,Treibhausgasemissionen,,Hessen,code06,,,,5.8
2021,Tonnen CO₂-Äquivalenten pro Kopf,Treibhausgasemissionen,,Niedersachsen,code03,,,,9.4
2021,Tonnen CO₂-Äquivalenten pro Kopf,Treibhausgasemissionen,,Nordrhein-Westfalen,code05,,,,12.3
2021,Tonnen CO₂-Äquivalenten pro Kopf,Treibhausgasemissionen,,Rheinland-Pfalz,code07,,,,7.6
2021,Tonnen CO₂-Äquivalenten pro Kopf,Treibhausgasemissionen,,Saarland,code10,,,,14.7
2021,Tonnen CO₂-Äquivalenten pro Kopf,Treibhausgasemissionen,,Sachsen,code14,,,,12.2
2021,Tonnen CO₂-Äquivalenten pro Kopf,Treibhausgasemissionen,,Sachsen-Anhalt,code15,,,,14.2
2021,Tonnen CO₂-Äquivalenten pro Kopf,Treibhausgasemissionen,,Schleswig-Holstein,code01,,,,8.1
2022,Tonnen CO₂-Äquivalenten pro Kopf,Treibhausgasemissionen,,Baden-Württemberg,code08,,,,6.5
2022,Tonnen CO₂-Äquivalenten pro Kopf,Treibhausgasemissionen,,Bayern,code09,,,,6.7
2022,Tonnen CO₂-Äquivalenten pro Kopf,Treibhausgasemissionen,,Berlin,code11,,,,3.6
2022,Tonnen CO₂-Äquivalenten pro Kopf,Treibhausgasemissionen,,Hamburg,code02,,,,5.1
2022,Tonnen CO₂-Äquivalenten pro Kopf,Treibhausgasemissionen,,Hessen,code06,,,,5.8
2022,Tonnen CO₂-Äquivalenten pro Kopf,Treibhausgasemissionen,,Niedersachsen,code03,,,,9.0
2022,Tonnen CO₂-Äquivalenten pro Kopf,Treibhausgasemissionen,,Rheinland-Pfalz,code07,,,,7.0
2022,Tonnen CO₂-Äquivalenten pro Kopf,Treibhausgasemissionen,,Saarland,code10,,,,14.6
2022,Tonnen CO₂-Äquivalenten pro Kopf,Treibhausgasemissionen,,Sachsen,code14,,,,13.0
2022,Tonnen CO₂-Äquivalenten pro Kopf,Treibhausgasemissionen,,Sachsen-Anhalt,code15,,,,13.0
2022,Tonnen CO₂-Äquivalenten pro Kopf,Treibhausgasemissionen,,Schleswig-Holstein,code01,,,,7.8
1990,2030 = 100,Index der Artenvielfalt,Insgesamt,,,,,,136.8
1991,2030 = 100,Index der Artenvielfalt,Insgesamt,,,,,,127.87
1992,2030 = 100,Index der Artenvielfalt,Insgesamt,,,,,,120.0
1993,2030 = 100,Index der Artenvielfalt,Insgesamt,,,,,,126.26
1994,2030 = 100,Index der Artenvielfalt,Insgesamt,,,,,,126.87
1995,2030 = 100,Index der Artenvielfalt,Insgesamt,,,,,,113.43
1996,2030 = 100,Index der Artenvielfalt,Insgesamt,,,,,,119.45
1997,2030 = 100,Index der Artenvielfalt,Insgesamt,,,,,,108.56
1998,2030 = 100,Index der Artenvielfalt,Insgesamt,,,,,,102.13
1999,2030 = 100,Index der Artenvielfalt,Insgesamt,,,,,,109.0
2000,2030 = 100,Index der Artenvielfalt,Insgesamt,,,r,,,101.86
2001,2030 = 100,Index der Artenvielfalt,Insgesamt,,,,,,99.83
2002,2030 = 100,Index der Artenvielfalt,Insgesamt,,,r,,,93.25
2003,2030 = 100,Index der Artenvielfalt,Insgesamt,,,,,,89.04
2004,2030 = 100,Index der Artenvielfalt,Insgesamt,,,,,,92.82
2005,2030 = 100,Index der Artenvielfalt,Insgesamt,,,r,,,91.29
2006,2030 = 100,Index der Artenvielfalt,Insgesamt,,,r,,,86.58
2007,2030 = 100,Index der Artenvielfalt,Insgesamt,,,r,,,87.36
2008,2030 = 100,Index der Artenvielfalt,Insgesamt,,,r,,,88.45
2009,2030 = 100,Index der Artenvielfalt,Insgesamt,,,r,,,82.62
2010,2030 = 100,Index der Artenvielfalt,Insgesamt,,,,,,79.47
2011,2030 = 100,Index der Artenvielfalt,Insgesamt,,,r,,,76.9
2012,2030 = 100,Index der Artenvielfalt,Insgesamt,,,r,,,80.6
2013,2030 = 100,Index der Artenvielfalt,Insgesamt,,,r,,,77.04
2014,2030 = 100,Index der Artenvielfalt,Insgesamt,,,r,,,76.15
2015,2030 = 100,Index der Artenvielfalt,Insgesamt,,,r,,,79.83
2016,2030 = 100,Index der Artenvielfalt,Insgesamt,,,r,,,79.99
2017,2030 = 100,Index der Artenvielfalt,Insgesamt,,,r,,,75.54
2018,2030 = 100,Index der Artenvielfalt,Insgesamt,,,r,,,73.43
2019,2030 = 100,Index der Artenvielfalt,Insgesamt,,,r,,,75.29
2020,2030 = 100,Index der Artenvielfalt,Insgesamt,,,,,,81.43
2021,2030 = 100,Index der Artenvielfalt,Insgesamt,,,,,,81.65
2022,2030 = 100,Index der Artenvielfalt,Insgesamt,,,,,,80.37
2023,2030 = 100,Index der Artenvielfalt,Insgesamt,,,,,,79.96
2030,2030 = 100,Index der Artenvielfalt,Insgesamt,,,…,,,
1990,2030 = 100,Index der Artenvielfalt,Teilindex Wälder,,,,,,92.94
1991,2030 = 100,Index der Artenvielfalt,Teilindex Wälder,,,,,,85.38
1992,2030 = 100,Index der Artenvielfalt,Teilindex Wälder,,,,,,81.8
1993,2030 = 100,Index der Artenvielfalt,Teilindex Wälder,,,,,,82.27
1994,2030 = 100,Index der Artenvielfalt,Teilindex Wälder,,,,,,83.04
1995,2030 = 100,Index der Artenvielfalt,Teilindex Wälder,,,,,,73.26
1996,2030 = 100,Index der Artenvielfalt,Teilindex Wälder,,,,,,80.09
1997,2030 = 100,Index der Artenvielfalt,Teilindex Wälder,,,,,,79.99
1998,2030 = 100,Index der Artenvielfalt,Teilindex Wälder,,,,,,72.63
1999,2030 = 100,Index der Artenvielfalt,Teilindex Wälder,,,,,,77.07
2000,2030 = 100,Index der Artenvielfalt,Teilindex Wälder,,,,,r,74.06
2001,2030 = 100,Index der Artenvielfalt,Teilindex Wälder,,,,,r,74.38
2002,2030 = 100,Index der Artenvielfalt,Teilindex Wälder,,,,,r,71.85
2003,2030 = 100,Index der Artenvielfalt,Teilindex Wälder,,,,,r,72.14
2004,2030 = 100,Index der Artenvielfalt,Teilindex Wälder,,,,,r,73.87
2005,2030 = 100,Index der Artenvielfalt,Teilindex Wälder,,,,,r,74.49
2006,2030 = 100,Index der Artenvielfalt,Teilindex Wälder,,,,,,75.61
2007,2030 = 100,Index der Artenvielfalt,Teilindex Wälder,,,,,r,71.61
2008,2030 = 100,Index der Artenvielfalt,Teilindex Wälder,,,,,r,77.55
2009,2030 = 100,Index der Artenvielfalt,Teilindex Wälder,,,,,r,69.93
2010,2030 = 100,Index der Artenvielfalt,Teilindex Wälder,,,,,r,76.23
2011,2030 = 100,Index der Artenvielfalt,Teilindex Wälder,,,,,r,74.55
2012,2030 = 100,Index der Artenvielfalt,Teilindex Wälder,,,,,r,82.87
2013,2030 = 100,Index der Artenvielfalt,Teilindex Wälder,,,,,r,81.53
2014,2030 = 100,Index der Artenvielfalt,Teilindex Wälder,,,,,,77.09
2015,2030 = 100,Index der Artenvielfalt,Teilindex Wälder,,,,,r,82.12
2016,2030 = 100,Index der Artenvielfalt,Teilindex Wälder,,,,,r,79.45
2017,2030 = 100,Index der Artenvielfalt,Teilindex Wälder,,,,,r,78.73
2018,2030 = 100,Index der Artenvielfalt,Teilindex Wälder,,,,,r,76.63
2019,2030 = 100,Index der Artenvielfalt,Teilindex Wälder,,,,,r,79.72
2020,2030 = 100,Index der Artenvielfalt,Teilindex Wälder,,,,,,85.13
2021,2030 = 100,Index der Artenvielfalt,Teilindex Wälder,,,,,,88.74
2022,2030 = 100,Index der Artenvielfalt,Teilindex Wälder,,,,,,85.09
2023,2030 = 100,Index der Artenvielfalt,Teilindex Wälder,,,,,,83.46
2030,2030 = 100,Index der Artenvielfalt,Teilindex Wälder,,,…,,,
1990,2030 = 100,Index der Artenvielfalt,Teilindex Siedlungen,,,,,,93.24
1991,2030 = 100,Index der Artenvielfalt,Teilindex Siedlungen,,,,,,87.24
1992,2030 = 100,Index der Artenvielfalt,Teilindex Siedlungen,,,,,,83.47
1993,2030 = 100,Index der Artenvielfalt,Teilindex Siedlungen,,,,,,91.76
1994,2030 = 100,Index der Artenvielfalt,Teilindex Siedlungen,,,,,,87.15
1995,2030 = 100,Index der Artenvielfalt,Teilindex Siedlungen,,,,,,92.87
1996,2030 = 100,Index der Artenvielfalt,Teilindex Siedlungen,,,,,,104.82
1997,2030 = 100,Index der Artenvielfalt,Teilindex Siedlungen,,,,,,96.2
1998,2030 = 100,Index der Artenvielfalt,Teilindex Siedlungen,,,,,,93.29
1999,2030 = 100,Index der Artenvielfalt,Teilindex Siedlungen,,,,,,90.94
2000,2030 = 100,Index der Artenvielfalt,Teilindex Siedlungen,,,,,,85.79
2001,2030 = 100,Index der Artenvielfalt,Teilindex Siedlungen,,,,,,83.76
2002,2030 = 100,Index der Artenvielfalt,Teilindex Siedlungen,,,,,,76.13
2003,2030 = 100,Index der Artenvielfalt,Teilindex Siedlungen,,,,,r,72.06
2004,2030 = 100,Index der Artenvielfalt,Teilindex Siedlungen,,,,,,80.45
2005,2030 = 100,Index der Artenvielfalt,Teilindex Siedlungen,,,,,r,77.36
2006,2030 = 100,Index der Artenvielfalt,Teilindex Siedlungen,,,,,,74.54
2007,2030 = 100,Index der Artenvielfalt,Teilindex Siedlungen,,,,,r,76.29
2008,2030 = 100,Index der Artenvielfalt,Teilindex Siedlungen,,,,,r,69.32
2009,2030 = 100,Index der Artenvielfalt,Teilindex Siedlungen,,,,,r,71.37
2010,2030 = 100,Index der Artenvielfalt,Teilindex Siedlungen,,,,,r,73.28
2011,2030 = 100,Index der Artenvielfalt,Teilindex Siedlungen,,,,,r,79.18
2012,2030 = 100,Index der Artenvielfalt,Teilindex Siedlungen,,,,,r,77.5
2013,2030 = 100,Index der Artenvielfalt,Teilindex Siedlungen,,,,,r,75.14
2014,2030 = 100,Index der Artenvielfalt,Teilindex Siedlungen,,,,,r,76.66
2015,2030 = 100,Index der Artenvielfalt,Teilindex Siedlungen,,,,,r,77.91
2016,2030 = 100,Index der Artenvielfalt,Teilindex Siedlungen,,,,,r,79.78
2017,2030 = 100,Index der Artenvielfalt,Teilindex Siedlungen,,,,,r,80.36
2018,2030 = 100,Index der Artenvielfalt,Teilindex Siedlungen,,,,,r,77.23
2019,2030 = 100,Index der Artenvielfalt,Teilindex Siedlungen,,,,,r,78.23
2020,2030 = 100,Index der Artenvielfalt,Teilindex Siedlungen,,,,,,83.75
2021,2030 = 100,Index der Artenvielfalt,Teilindex Siedlungen,,,,,,84.57
2022,2030 = 100,Index der Artenvielfalt,Teilindex Siedlungen,,,,,,83.67
2023,2030 = 100,Index der Artenvielfalt,Teilindex Siedlungen,,,,,,83.11
2030,2030 = 100,Index der Artenvielfalt,Teilindex Siedlungen,,,…,,,
1990,2030 = 100,Index der Artenvielfalt,Teilindex Agrarland,,,,,,182.97
1991,2030 = 100,Index der Artenvielfalt,Teilindex Agrarland,,,,,,174.18
1992,2030 = 100,Index der Artenvielfalt,Teilindex Agrarland,,,,,,161.58
1993,2030 = 100,Index der Artenvielfalt,Teilindex Agrarland,,,,,,171.77
1994,2030 = 100,Index der Artenvielfalt,Teilindex Agrarland,,,,,,172.43
1995,2030 = 100,Index der Artenvielfalt,Teilindex Agrarland,,,,,,148.98
1996,2030 = 100,Index der Artenvielfalt,Teilindex Agrarland,,,,,,155.38
1997,2030 = 100,Index der Artenvielfalt,Teilindex Agrarland,,,,,,136.58
1998,2030 = 100,Index der Artenvielfalt,Teilindex Agrarland,,,,,,128.14
1999,2030 = 100,Index der Artenvielfalt,Teilindex Agrarland,,,,,,138.23
2000,2030 = 100,Index der Artenvielfalt,Teilindex Agrarland,,,,,r,127.65
2001,2030 = 100,Index der Artenvielfalt,Teilindex Agrarland,,,,,,121.82
2002,2030 = 100,Index der Artenvielfalt,Teilindex Agrarland,,,,,,112.01
2003,2030 = 100,Index der Artenvielfalt,Teilindex Agrarland,,,,,,104.2
2004,2030 = 100,Index der Artenvielfalt,Teilindex Agrarland,,,,,,108.23
2005,2030 = 100,Index der Artenvielfalt,Teilindex Agrarland,,,,,,106.13
2006,2030 = 100,Index der Artenvielfalt,Teilindex Agrarland,,,,,,97.63
2007,2030 = 100,Index der Artenvielfalt,Teilindex Agrarland,,,,,r,98.62
2008,2030 = 100,Index der Artenvielfalt,Teilindex Agrarland,,,,,r,98.43
2009,2030 = 100,Index der Artenvielfalt,Teilindex Agrarland,,,,,r,92.75
2010,2030 = 100,Index der Artenvielfalt,Teilindex Agrarland,,,,,r,83.34
2011,2030 = 100,Index der Artenvielfalt,Teilindex Agrarland,,,,,r,77.14
2012,2030 = 100,Index der Artenvielfalt,Teilindex Agrarland,,,,,r,80.09
2013,2030 = 100,Index der Artenvielfalt,Teilindex Agrarland,,,,,r,74.31
2014,2030 = 100,Index der Artenvielfalt,Teilindex Agrarland,,,,,r,74.21
2015,2030 = 100,Index der Artenvielfalt,Teilindex Agrarland,,,,,r,78.25
2016,2030 = 100,Index der Artenvielfalt,Teilindex Agrarland,,,,,r,79.19
2017,2030 = 100,Index der Artenvielfalt,Teilindex Agrarland,,,,,r,71.2
2018,2030 = 100,Index der Artenvielfalt,Teilindex Agrarland,,,,,r,69.41
2019,2030 = 100,Index der Artenvielfalt,Teilindex Agrarland,,,,,r,71.26
2020,2030 = 100,Index der Artenvielfalt,Teilindex Agrarland,,,,,,77.8
2021,2030 = 100,Index der Artenvielfalt,Teilindex Agrarland,,,,,,77.18
2022,2030 = 100,Index der Artenvielfalt,Teilindex Agrarland,,,,,,77.14
2023,2030 = 100,Index der Artenvielfalt,Teilindex Agrarland,,,,,,76.99
2030,2030 = 100,Index der Artenvielfalt,Teilindex Agrarland,,,…,,,
1990,2030 = 100,Index der Artenvielfalt,Teilindex Binnengewässer,,,,,,89.68
1991,2030 = 100,Index der Artenvielfalt,Teilindex Binnengewässer,,,,,,71.34
1992,2030 = 100,Index der Artenvielfalt,Teilindex Binnengewässer,,,,,,69.44
1993,2030 = 100,Index der Artenvielfalt,Teilindex Binnengewässer,,,,,,70.06
1994,2030 = 100,Index der Artenvielfalt,Teilindex Binnengewässer,,,,,,77.43
1995,2030 = 100,Index der Artenvielfalt,Teilindex Binnengewässer,,,,,,79.03
1996,2030 = 100,Index der Artenvielfalt,Teilindex Binnengewässer,,,,,,71.77
1997,2030 = 100,Index der Artenvielfalt,Teilindex Binnengewässer,,,,,,65.89
1998,2030 = 100,Index der Artenvielfalt,Teilindex Binnengewässer,,,,,,68.33
1999,2030 = 100,Index der Artenvielfalt,Teilindex Binnengewässer,,,,,,78.84
2000,2030 = 100,Index der Artenvielfalt,Teilindex Binnengewässer,,,,,r,74.19
2001,2030 = 100,Index der Artenvielfalt,Teilindex Binnengewässer,,,,,r,85.34
2002,2030 = 100,Index der Artenvielfalt,Teilindex Binnengewässer,,,,,r,84.73
2003,2030 = 100,Index der Artenvielfalt,Teilindex Binnengewässer,,,,,r,85.47
2004,2030 = 100,Index der Artenvielfalt,Teilindex Binnengewässer,,,,,r,87.81
2005,2030 = 100,Index der Artenvielfalt,Teilindex Binnengewässer,,,,,r,84.69
2006,2030 = 100,Index der Artenvielfalt,Teilindex Binnengewässer,,,,,,79.22
2007,2030 = 100,Index der Artenvielfalt,Teilindex Binnengewässer,,,,,r,92.76
2008,2030 = 100,Index der Artenvielfalt,Teilindex Binnengewässer,,,,,r,96.82
2009,2030 = 100,Index der Artenvielfalt,Teilindex Binnengewässer,,,,,r,84.62
2010,2030 = 100,Index der Artenvielfalt,Teilindex Binnengewässer,,,,,r,77.76
2011,2030 = 100,Index der Artenvielfalt,Teilindex Binnengewässer,,,,,r,79.83
2012,2030 = 100,Index der Artenvielfalt,Teilindex Binnengewässer,,,,,r,80.49
2013,2030 = 100,Index der Artenvielfalt,Teilindex Binnengewässer,,,,,r,80.11
2014,2030 = 100,Index der Artenvielfalt,Teilindex Binnengewässer,,,,,r,82.96
2015,2030 = 100,Index der Artenvielfalt,Teilindex Binnengewässer,,,,,r,83.84
2016,2030 = 100,Index der Artenvielfalt,Teilindex Binnengewässer,,,,,r,86.47
2017,2030 = 100,Index der Artenvielfalt,Teilindex Binnengewässer,,,,,r,81.86
2018,2030 = 100,Index der Artenvielfalt,Teilindex Binnengewässer,,,,,r,79.58
2019,2030 = 100,Index der Artenvielfalt,Teilindex Binnengewässer,,,,,r,78.68
2020,2030 = 100,Index der Artenvielfalt,Teilindex Binnengewässer,,,,,,85.88
2021,2030 = 100,Index der Artenvielfalt,Teilindex Binnengewässer,,,,,,78.92
2022,2030 = 100,Index der Artenvielfalt,Teilindex Binnengewässer,,,,,,78.01
2023,2030 = 100,Index der Artenvielfalt,Teilindex Binnengewässer,,,,,,80.3
2030,2030 = 100,Index der Artenvielfalt,Teilindex Binnengewässer,,,…,,,
1990,2030 = 100,Index der Artenvielfalt,Teilindex Küsten/Meere,,,,,,88.29
1991,2030 = 100,Index der Artenvielfalt,Teilindex Küsten/Meere,,,,,,86.9
1992,2030 = 100,Index der Artenvielfalt,Teilindex Küsten/Meere,,,,,,106.2
1993,2030 = 100,Index der Artenvielfalt,Teilindex Küsten/Meere,,,,,,99.27
1994,2030 = 100,Index der Artenvielfalt,Teilindex Küsten/Meere,,,,,,108.47
1995,2030 = 100,Index der Artenvielfalt,Teilindex Küsten/Meere,,,,,,110.09
1996,2030 = 100,Index der Artenvielfalt,Teilindex Küsten/Meere,,,,,,96.46
1997,2030 = 100,Index der Artenvielfalt,Teilindex Küsten/Meere,,,,,,98.8
1998,2030 = 100,Index der Artenvielfalt,Teilindex Küsten/Meere,,,,,,102.05
1999,2030 = 100,Index der Artenvielfalt,Teilindex Küsten/Meere,,,,,,102.81
2000,2030 = 100,Index der Artenvielfalt,Teilindex Küsten/Meere,,,,,r,102.38
2001,2030 = 100,Index der Artenvielfalt,Teilindex Küsten/Meere,,,,,r,103.67
2002,2030 = 100,Index der Artenvielfalt,Teilindex Küsten/Meere,,,,,r,99.68
2003,2030 = 100,Index der Artenvielfalt,Teilindex Küsten/Meere,,,,,r,98.75
2004,2030 = 100,Index der Artenvielfalt,Teilindex Küsten/Meere,,,,,r,90.28
2005,2030 = 100,Index der Artenvielfalt,Teilindex Küsten/Meere,,,,,r,86.81
2006,2030 = 100,Index der Artenvielfalt,Teilindex Küsten/Meere,,,,,r,85.32
2007,2030 = 100,Index der Artenvielfalt,Teilindex Küsten/Meere,,,,,r,88.16
2008,2030 = 100,Index der Artenvielfalt,Teilindex Küsten/Meere,,,,,r,83.67
2009,2030 = 100,Index der Artenvielfalt,Teilindex Küsten/Meere,,,,,r,77.6
2010,2030 = 100,Index der Artenvielfalt,Teilindex Küsten/Meere,,,,,r,78.56
2011,2030 = 100,Index der Artenvielfalt,Teilindex Küsten/Meere,,,,,r,81.4
2012,2030 = 100,Index der Artenvielfalt,Teilindex Küsten/Meere,,,,,r,78.84
2013,2030 = 100,Index der Artenvielfalt,Teilindex Küsten/Meere,,,,,r,78.76
2014,2030 = 100,Index der Artenvielfalt,Teilindex Küsten/Meere,,,,,r,81.06
2015,2030 = 100,Index der Artenvielfalt,Teilindex Küsten/Meere,,,,,r,76.59
2016,2030 = 100,Index der Artenvielfalt,Teilindex Küsten/Meere,,,,,r,81.05
2017,2030 = 100,Index der Artenvielfalt,Teilindex Küsten/Meere,,,,,r,76.29
2018,2030 = 100,Index der Artenvielfalt,Teilindex Küsten/Meere,,,,,,77.61
2019,2030 = 100,Index der Artenvielfalt,Teilindex Küsten/Meere,,,,,,81.98
2020,2030 = 100,Index der Artenvielfalt,Teilindex Küsten/Meere,,,,,,84.15
2021,2030 = 100,Index der Artenvielfalt,Teilindex Küsten/Meere,,,,,,83.6
2022,2030 = 100,Index der Artenvielfalt,Teilindex Küsten/Meere,,,,,,81.72
2023,2030 = 100,Index der Artenvielfalt,Teilindex Küsten/Meere,,,,,,79.04
2030,2030 = 100,Index der Artenvielfalt,Teilindex Küsten/Meere,,,…,,,
