Year,Units,age group,sex,typ of victim-suspect relationship,degree of feelings of insecurity,COMMENT_OBS_0,COMMENT_OBS_1,COMMENT_OBS_2,Series,Value
2010,"per 100,000 inhabitants",,,,,,,,victims of intentional homicide,0.97
2011,"per 100,000 inhabitants",,,,,,,,victims of intentional homicide,0.90
2012,"per 100,000 inhabitants",,,,,,,,victims of intentional homicide,0.81
2013,"per 100,000 inhabitants",,,,,|,,,victims of intentional homicide,0.86
2014,"per 100,000 inhabitants",,,,,,,,victims of intentional homicide,0.89
2015,"per 100,000 inhabitants",,,,,,,,victims of intentional homicide,0.84
2016,"per 100,000 inhabitants",,,,,,,,victims of intentional homicide,1.17
2017,"per 100,000 inhabitants",,,,,,,,victims of intentional homicide,0.99
2018,"per 100,000 inhabitants",,,,,,,,victims of intentional homicide,0.95
2019,"per 100,000 inhabitants",,,,,,,,victims of intentional homicide,0.75
2020,"per 100,000 inhabitants",,,,,,,,victims of intentional homicide,0.94
2021,"per 100,000 inhabitants",,,,,,,,victims of intentional homicide,0.84
2022,"per 100,000 inhabitants",,,,,,,,victims of intentional homicide,0.82
2023,"per 100,000 inhabitants",,,,,,,,victims of intentional homicide,0.91
2024,"per 100,000 inhabitants",,,,,|,,,victims of intentional homicide,0.93
2025,"per 100,000 inhabitants",,,,,,,,victims of intentional homicide,1.33
2010,"per 100,000 inhabitants",13 years and younger,,,,,,,victims of intentional homicide,0.75
2011,"per 100,000 inhabitants",13 years and younger,,,,,,,victims of intentional homicide,0.72
2012,"per 100,000 inhabitants",13 years and younger,,,,,,,victims of intentional homicide,0.90
2013,"per 100,000 inhabitants",13 years and younger,,,,|,,,victims of intentional homicide,0.67
2014,"per 100,000 inhabitants",13 years and younger,,,,,,,victims of intentional homicide,0.64
2015,"per 100,000 inhabitants",13 years and younger,,,,,,,victims of intentional homicide,0.63
2016,"per 100,000 inhabitants",13 years and younger,,,,,,,victims of intentional homicide,0.67
2017,"per 100,000 inhabitants",13 years and younger,,,,,,,victims of intentional homicide,0.65
2018,"per 100,000 inhabitants",13 years and younger,,,,,,,victims of intentional homicide,0.67
2019,"per 100,000 inhabitants",13 years and younger,,,,,,,victims of intentional homicide,0.49
2020,"per 100,000 inhabitants",13 years and younger,,,,,,,victims of intentional homicide,0.74
2021,"per 100,000 inhabitants",13 years and younger,,,,,,,victims of intentional homicide,0.77
2022,"per 100,000 inhabitants",13 years and younger,,,,,,,victims of intentional homicide,0.47
2023,"per 100,000 inhabitants",13 years and younger,,,,,,,victims of intentional homicide,0.65
2024,"per 100,000 inhabitants",13 years and younger,,,,|,,,victims of intentional homicide,0.51
2025,"per 100,000 inhabitants",13 years and younger,,,,,,,victims of intentional homicide,0.85
2010,"per 100,000 inhabitants",14 to under 18 years,,,,,,,victims of intentional homicide,0.68
2011,"per 100,000 inhabitants",14 to under 18 years,,,,,,,victims of intentional homicide,0.84
2012,"per 100,000 inhabitants",14 to under 18 years,,,,,,,victims of intentional homicide,0.19
2013,"per 100,000 inhabitants",14 to under 18 years,,,,|,,,victims of intentional homicide,0.37
2014,"per 100,000 inhabitants",14 to under 18 years,,,,,,,victims of intentional homicide,0.47
2015,"per 100,000 inhabitants",14 to under 18 years,,,,,,,victims of intentional homicide,0.44
2016,"per 100,000 inhabitants",14 to under 18 years,,,,,,,victims of intentional homicide,1.09
2017,"per 100,000 inhabitants",14 to under 18 years,,,,,,,victims of intentional homicide,0.13
2018,"per 100,000 inhabitants",14 to under 18 years,,,,,,,victims of intentional homicide,0.45
2019,"per 100,000 inhabitants",14 to under 18 years,,,,,,,victims of intentional homicide,0.36
2020,"per 100,000 inhabitants",14 to under 18 years,,,,,,,victims of intentional homicide,0.40
2021,"per 100,000 inhabitants",14 to under 18 years,,,,,,,victims of intentional homicide,0.47
2022,"per 100,000 inhabitants",14 to under 18 years,,,,,,,victims of intentional homicide,0.46
2023,"per 100,000 inhabitants",14 to under 18 years,,,,,,,victims of intentional homicide,0.55
2024,"per 100,000 inhabitants",14 to under 18 years,,,,|,,,victims of intentional homicide,0.48
2025,"per 100,000 inhabitants",14 to under 18 years,,,,,,,victims of intentional homicide,1.15
2010,"per 100,000 inhabitants",18 to under 21 years,,,,,,,victims of intentional homicide,1.34
2011,"per 100,000 inhabitants",18 to under 21 years,,,,,,,victims of intentional homicide,1.06
2012,"per 100,000 inhabitants",18 to under 21 years,,,,,,,victims of intentional homicide,0.89
2013,"per 100,000 inhabitants",18 to under 21 years,,,,|,,,victims of intentional homicide,0.61
2014,"per 100,000 inhabitants",18 to under 21 years,,,,,,,victims of intentional homicide,0.82
2015,"per 100,000 inhabitants",18 to under 21 years,,,,,,,victims of intentional homicide,0.73
2016,"per 100,000 inhabitants",18 to under 21 years,,,,,,,victims of intentional homicide,1.65
2017,"per 100,000 inhabitants",18 to under 21 years,,,,,,,victims of intentional homicide,0.60
2018,"per 100,000 inhabitants",18 to under 21 years,,,,,,,victims of intentional homicide,0.99
2019,"per 100,000 inhabitants",18 to under 21 years,,,,,,,victims of intentional homicide,0.62
2020,"per 100,000 inhabitants",18 to under 21 years,,,,,,,victims of intentional homicide,0.83
2021,"per 100,000 inhabitants",18 to under 21 years,,,,,,,victims of intentional homicide,0.77
2022,"per 100,000 inhabitants",18 to under 21 years,,,,,,,victims of intentional homicide,0.96
2023,"per 100,000 inhabitants",18 to under 21 years,,,,,,,victims of intentional homicide,0.74
2024,"per 100,000 inhabitants",18 to under 21 years,,,,|,,,victims of intentional homicide,1.11
2025,"per 100,000 inhabitants",18 to under 21 years,,,,,,,victims of intentional homicide,1.39
2010,"per 100,000 inhabitants",21 to under 60 years,,,,,,,victims of intentional homicide,1.01
2011,"per 100,000 inhabitants",21 to under 60 years,,,,,,,victims of intentional homicide,0.96
2012,"per 100,000 inhabitants",21 to under 60 years,,,,,,,victims of intentional homicide,0.81
2013,"per 100,000 inhabitants",21 to under 60 years,,,,|,,,victims of intentional homicide,0.87
2014,"per 100,000 inhabitants",21 to under 60 years,,,,,,,victims of intentional homicide,0.93
2015,"per 100,000 inhabitants",21 to under 60 years,,,,,,,victims of intentional homicide,0.75
2016,"per 100,000 inhabitants",21 to under 60 years,,,,,,,victims of intentional homicide,1.20
2017,"per 100,000 inhabitants",21 to under 60 years,,,,,,,victims of intentional homicide,0.95
2018,"per 100,000 inhabitants",21 to under 60 years,,,,,,,victims of intentional homicide,1.02
2019,"per 100,000 inhabitants",21 to under 60 years,,,,,,,victims of intentional homicide,0.80
2020,"per 100,000 inhabitants",21 to under 60 years,,,,,,,victims of intentional homicide,0.87
2021,"per 100,000 inhabitants",21 to under 60 years,,,,,,,victims of intentional homicide,0.78
2022,"per 100,000 inhabitants",21 to under 60 years,,,,,,,victims of intentional homicide,0.79
2023,"per 100,000 inhabitants",21 to under 60 years,,,,,,,victims of intentional homicide,1.00
2024,"per 100,000 inhabitants",21 to under 60 years,,,,|,,,victims of intentional homicide,0.98
2025,"per 100,000 inhabitants",21 to under 60 years,,,,,,,victims of intentional homicide,1.39
2010,"per 100,000 inhabitants",60 years and older,,,,,,,victims of intentional homicide,0.98
2011,"per 100,000 inhabitants",60 years and older,,,,,,,victims of intentional homicide,0.86
2012,"per 100,000 inhabitants",60 years and older,,,,,,,victims of intentional homicide,0.83
2013,"per 100,000 inhabitants",60 years and older,,,,|,,,victims of intentional homicide,0.98
2014,"per 100,000 inhabitants",60 years and older,,,,,,,victims of intentional homicide,0.97
2015,"per 100,000 inhabitants",60 years and older,,,,,,,victims of intentional homicide,1.10
2016,"per 100,000 inhabitants",60 years and older,,,,,,,victims of intentional homicide,1.29
2017,"per 100,000 inhabitants",60 years and older,,,,,,,victims of intentional homicide,1.37
2018,"per 100,000 inhabitants",60 years and older,,,,,,,victims of intentional homicide,1.01
2019,"per 100,000 inhabitants",60 years and older,,,,,,,victims of intentional homicide,0.86
2020,"per 100,000 inhabitants",60 years and older,,,,,,,victims of intentional homicide,1.23
2021,"per 100,000 inhabitants",60 years and older,,,,,,,victims of intentional homicide,1.01
2022,"per 100,000 inhabitants",60 years and older,,,,,,,victims of intentional homicide,1.08
2023,"per 100,000 inhabitants",60 years and older,,,,,,,victims of intentional homicide,0.94
2024,"per 100,000 inhabitants",60 years and older,,,,|,,,victims of intentional homicide,1.07
2025,"per 100,000 inhabitants",60 years and older,,,,,,,victims of intentional homicide,1.46
2010,"per 100,000 inhabitants",,female,,,,,,victims of intentional homicide,0.94
2011,"per 100,000 inhabitants",,female,,,,,,victims of intentional homicide,0.81
2012,"per 100,000 inhabitants",,female,,,,,,victims of intentional homicide,0.71
2013,"per 100,000 inhabitants",,female,,,|,,,victims of intentional homicide,0.80
2014,"per 100,000 inhabitants",,female,,,,,,victims of intentional homicide,0.82
2015,"per 100,000 inhabitants",,female,,,,,,victims of intentional homicide,0.79
2016,"per 100,000 inhabitants",,female,,,,,,victims of intentional homicide,1.13
2017,"per 100,000 inhabitants",,female,,,,,,victims of intentional homicide,0.91
2018,"per 100,000 inhabitants",,female,,,,,,victims of intentional homicide,0.87
2019,"per 100,000 inhabitants",,female,,,,,,victims of intentional homicide,0.66
2020,"per 100,000 inhabitants",,female,,,,,,victims of intentional homicide,0.85
2021,"per 100,000 inhabitants",,female,,,,,,victims of intentional homicide,0.80
2022,"per 100,000 inhabitants",,female,,,,,,victims of intentional homicide,0.83
2023,"per 100,000 inhabitants",,female,,,,,,victims of intentional homicide,0.87
2024,"per 100,000 inhabitants",,female,,,|,,,victims of intentional homicide,0.80
2025,"per 100,000 inhabitants",,female,,,,,,victims of intentional homicide,1.30
2010,"per 100,000 inhabitants",,male,,,,,,victims of intentional homicide,1.00
2011,"per 100,000 inhabitants",,male,,,,,,victims of intentional homicide,1.00
2012,"per 100,000 inhabitants",,male,,,,,,victims of intentional homicide,0.90
2013,"per 100,000 inhabitants",,male,,,|,,,victims of intentional homicide,0.90
2014,"per 100,000 inhabitants",,male,,,,,,victims of intentional homicide,0.95
2015,"per 100,000 inhabitants",,male,,,,,,victims of intentional homicide,0.86
2016,"per 100,000 inhabitants",,male,,,,,,victims of intentional homicide,1.22
2017,"per 100,000 inhabitants",,male,,,,,,victims of intentional homicide,1.06
2018,"per 100,000 inhabitants",,male,,,,,,victims of intentional homicide,1.03
2019,"per 100,000 inhabitants",,male,,,,,,victims of intentional homicide,0.85
2020,"per 100,000 inhabitants",,male,,,,,,victims of intentional homicide,1.04
2021,"per 100,000 inhabitants",,male,,,,,,victims of intentional homicide,0.87
2022,"per 100,000 inhabitants",,male,,,,,,victims of intentional homicide,0.82
2023,"per 100,000 inhabitants",,male,,,,,,victims of intentional homicide,0.95
2024,"per 100,000 inhabitants",,male,,,|,,,victims of intentional homicide,1.07
2025,"per 100,000 inhabitants",,male,,,,,,victims of intentional homicide,1.36
2010,"per 100,000 inhabitants",13 years and younger,female,,,,,,victims of intentional homicide,0.74
2011,"per 100,000 inhabitants",13 years and younger,female,,,,,,victims of intentional homicide,0.49
2012,"per 100,000 inhabitants",13 years and younger,female,,,,,,victims of intentional homicide,0.80
2013,"per 100,000 inhabitants",13 years and younger,female,,,|,,,victims of intentional homicide,0.77
2014,"per 100,000 inhabitants",13 years and younger,female,,,,,,victims of intentional homicide,0.50
2015,"per 100,000 inhabitants",13 years and younger,female,,,,,,victims of intentional homicide,0.52
2016,"per 100,000 inhabitants",13 years and younger,female,,,,,,victims of intentional homicide,0.61
2017,"per 100,000 inhabitants",13 years and younger,female,,,,,,victims of intentional homicide,0.56
2018,"per 100,000 inhabitants",13 years and younger,female,,,,,,victims of intentional homicide,0.59
2019,"per 100,000 inhabitants",13 years and younger,female,,,,,,victims of intentional homicide,0.33
2020,"per 100,000 inhabitants",13 years and younger,female,,,,,,victims of intentional homicide,0.81
2021,"per 100,000 inhabitants",13 years and younger,female,,,,,,victims of intentional homicide,0.82
2022,"per 100,000 inhabitants",13 years and younger,female,,,,,,victims of intentional homicide,0.51
2023,"per 100,000 inhabitants",13 years and younger,female,,,,,,victims of intentional homicide,0.72
2024,"per 100,000 inhabitants",13 years and younger,female,,,|,,,victims of intentional homicide,0.38
2025,"per 100,000 inhabitants",13 years and younger,female,,,,,,victims of intentional homicide,0.91
2010,"per 100,000 inhabitants",13 years and younger,male,,,,,,victims of intentional homicide,0.76
2011,"per 100,000 inhabitants",13 years and younger,male,,,,,,victims of intentional homicide,0.94
2012,"per 100,000 inhabitants",13 years and younger,male,,,,,,victims of intentional homicide,0.99
2013,"per 100,000 inhabitants",13 years and younger,male,,,|,,,victims of intentional homicide,0.57
2014,"per 100,000 inhabitants",13 years and younger,male,,,,,,victims of intentional homicide,0.77
2015,"per 100,000 inhabitants",13 years and younger,male,,,,,,victims of intentional homicide,0.73
2016,"per 100,000 inhabitants",13 years and younger,male,,,,,,victims of intentional homicide,0.73
2017,"per 100,000 inhabitants",13 years and younger,male,,,,,,victims of intentional homicide,0.74
2018,"per 100,000 inhabitants",13 years and younger,male,,,,,,victims of intentional homicide,0.75
2019,"per 100,000 inhabitants",13 years and younger,male,,,,,,victims of intentional homicide,0.53
2020,"per 100,000 inhabitants",13 years and younger,male,,,,,,victims of intentional homicide,0.68
2021,"per 100,000 inhabitants",13 years and younger,male,,,,,,victims of intentional homicide,0.72
2022,"per 100,000 inhabitants",13 years and younger,male,,,,,,victims of intentional homicide,0.43
2023,"per 100,000 inhabitants",13 years and younger,male,,,,,,victims of intentional homicide,0.58
2024,"per 100,000 inhabitants",13 years and younger,male,,,|,,,victims of intentional homicide,0.65
2025,"per 100,000 inhabitants",13 years and younger,male,,,,,,victims of intentional homicide,0.79
2010,"per 100,000 inhabitants",14 to under 18 years,female,,,,,,victims of intentional homicide,0.89
2011,"per 100,000 inhabitants",14 to under 18 years,female,,,,,,victims of intentional homicide,0.77
2012,"per 100,000 inhabitants",14 to under 18 years,female,,,‒,,,victims of intentional homicide,0.00
2013,"per 100,000 inhabitants",14 to under 18 years,female,,,|,,,victims of intentional homicide,0.26
2014,"per 100,000 inhabitants",14 to under 18 years,female,,,,,,victims of intentional homicide,0.32
2015,"per 100,000 inhabitants",14 to under 18 years,female,,,,,,victims of intentional homicide,0.58
2016,"per 100,000 inhabitants",14 to under 18 years,female,,,,,,victims of intentional homicide,1.43
2017,"per 100,000 inhabitants",14 to under 18 years,female,,,,,,victims of intentional homicide,0.07
2018,"per 100,000 inhabitants",14 to under 18 years,female,,,,,,victims of intentional homicide,0.53
2019,"per 100,000 inhabitants",14 to under 18 years,female,,,,,,victims of intentional homicide,0.27
2020,"per 100,000 inhabitants",14 to under 18 years,female,,,,,,victims of intentional homicide,0.27
2021,"per 100,000 inhabitants",14 to under 18 years,female,,,,,,victims of intentional homicide,0.48
2022,"per 100,000 inhabitants",14 to under 18 years,female,,,,,,victims of intentional homicide,0.82
2023,"per 100,000 inhabitants",14 to under 18 years,female,,,,,,victims of intentional homicide,0.53
2024,"per 100,000 inhabitants",14 to under 18 years,female,,,|,,,victims of intentional homicide,0.47
2025,"per 100,000 inhabitants",14 to under 18 years,female,,,,,,victims of intentional homicide,1.06
2010,"per 100,000 inhabitants",14 to under 18 years,male,,,,,,victims of intentional homicide,0.48
2011,"per 100,000 inhabitants",14 to under 18 years,male,,,,,,victims of intentional homicide,0.91
2012,"per 100,000 inhabitants",14 to under 18 years,male,,,,,,victims of intentional homicide,0.28
2013,"per 100,000 inhabitants",14 to under 18 years,male,,,|,,,victims of intentional homicide,0.49
2014,"per 100,000 inhabitants",14 to under 18 years,male,,,,,,victims of intentional homicide,0.61
2015,"per 100,000 inhabitants",14 to under 18 years,male,,,,,,victims of intentional homicide,0.30
2016,"per 100,000 inhabitants",14 to under 18 years,male,,,,,,victims of intentional homicide,0.78
2017,"per 100,000 inhabitants",14 to under 18 years,male,,,,,,victims of intentional homicide,0.18
2018,"per 100,000 inhabitants",14 to under 18 years,male,,,,,,victims of intentional homicide,0.37
2019,"per 100,000 inhabitants",14 to under 18 years,male,,,,,,victims of intentional homicide,0.44
2020,"per 100,000 inhabitants",14 to under 18 years,male,,,,,,victims of intentional homicide,0.51
2021,"per 100,000 inhabitants",14 to under 18 years,male,,,,,,victims of intentional homicide,0.45
2022,"per 100,000 inhabitants",14 to under 18 years,male,,,,,,victims of intentional homicide,0.13
2023,"per 100,000 inhabitants",14 to under 18 years,male,,,,,,victims of intentional homicide,0.56
2024,"per 100,000 inhabitants",14 to under 18 years,male,,,|,,,victims of intentional homicide,0.50
2025,"per 100,000 inhabitants",14 to under 18 years,male,,,,,,victims of intentional homicide,1.23
2010,"per 100,000 inhabitants",18 to under 21 years,female,,,,,,victims of intentional homicide,1.37
2011,"per 100,000 inhabitants",18 to under 21 years,female,,,,,,victims of intentional homicide,0.75
2012,"per 100,000 inhabitants",18 to under 21 years,female,,,,,,victims of intentional homicide,0.79
2013,"per 100,000 inhabitants",18 to under 21 years,female,,,|,,,victims of intentional homicide,0.50
2014,"per 100,000 inhabitants",18 to under 21 years,female,,,,,,victims of intentional homicide,0.76
2015,"per 100,000 inhabitants",18 to under 21 years,female,,,,,,victims of intentional homicide,0.75
2016,"per 100,000 inhabitants",18 to under 21 years,female,,,,,,victims of intentional homicide,1.45
2017,"per 100,000 inhabitants",18 to under 21 years,female,,,,,,victims of intentional homicide,0.56
2018,"per 100,000 inhabitants",18 to under 21 years,female,,,,,,victims of intentional homicide,0.96
2019,"per 100,000 inhabitants",18 to under 21 years,female,,,,,,victims of intentional homicide,0.41
2020,"per 100,000 inhabitants",18 to under 21 years,female,,,,,,victims of intentional homicide,0.50
2021,"per 100,000 inhabitants",18 to under 21 years,female,,,,,,victims of intentional homicide,0.34
2022,"per 100,000 inhabitants",18 to under 21 years,female,,,,,,victims of intentional homicide,0.69
2023,"per 100,000 inhabitants",18 to under 21 years,female,,,,,,victims of intentional homicide,0.76
2024,"per 100,000 inhabitants",18 to under 21 years,female,,,|,,,victims of intentional homicide,1.12
2025,"per 100,000 inhabitants",18 to under 21 years,female,,,,,,victims of intentional homicide,1.54
2010,"per 100,000 inhabitants",18 to under 21 years,male,,,,,,victims of intentional homicide,1.31
2011,"per 100,000 inhabitants",18 to under 21 years,male,,,,,,victims of intentional homicide,1.36
2012,"per 100,000 inhabitants",18 to under 21 years,male,,,,,,victims of intentional homicide,0.98
2013,"per 100,000 inhabitants",18 to under 21 years,male,,,|,,,victims of intentional homicide,0.71
2014,"per 100,000 inhabitants",18 to under 21 years,male,,,,,,victims of intentional homicide,0.88
2015,"per 100,000 inhabitants",18 to under 21 years,male,,,,,,victims of intentional homicide,0.70
2016,"per 100,000 inhabitants",18 to under 21 years,male,,,,,,victims of intentional homicide,1.82
2017,"per 100,000 inhabitants",18 to under 21 years,male,,,,,,victims of intentional homicide,0.65
2018,"per 100,000 inhabitants",18 to under 21 years,male,,,,,,victims of intentional homicide,1.01
2019,"per 100,000 inhabitants",18 to under 21 years,male,,,,,,victims of intentional homicide,0.81
2020,"per 100,000 inhabitants",18 to under 21 years,male,,,,,,victims of intentional homicide,1.13
2021,"per 100,000 inhabitants",18 to under 21 years,male,,,,,,victims of intentional homicide,1.18
2022,"per 100,000 inhabitants",18 to under 21 years,male,,,,,,victims of intentional homicide,1.21
2023,"per 100,000 inhabitants",18 to under 21 years,male,,,,,,victims of intentional homicide,0.71
2024,"per 100,000 inhabitants",18 to under 21 years,male,,,|,,,victims of intentional homicide,1.11
2025,"per 100,000 inhabitants",18 to under 21 years,male,,,,,,victims of intentional homicide,1.25
2010,"per 100,000 inhabitants",21 to under 60 years,female,,,,,,victims of intentional homicide,0.92
2011,"per 100,000 inhabitants",21 to under 60 years,female,,,,,,victims of intentional homicide,0.83
2012,"per 100,000 inhabitants",21 to under 60 years,female,,,,,,victims of intentional homicide,0.64
2013,"per 100,000 inhabitants",21 to under 60 years,female,,,|,,,victims of intentional homicide,0.74
2014,"per 100,000 inhabitants",21 to under 60 years,female,,,,,,victims of intentional homicide,0.84
2015,"per 100,000 inhabitants",21 to under 60 years,female,,,,,,victims of intentional homicide,0.62
2016,"per 100,000 inhabitants",21 to under 60 years,female,,,,,,victims of intentional homicide,1.10
2017,"per 100,000 inhabitants",21 to under 60 years,female,,,,,,victims of intentional homicide,0.82
2018,"per 100,000 inhabitants",21 to under 60 years,female,,,,,,victims of intentional homicide,0.86
2019,"per 100,000 inhabitants",21 to under 60 years,female,,,,,,victims of intentional homicide,0.67
2020,"per 100,000 inhabitants",21 to under 60 years,female,,,,,,victims of intentional homicide,0.67
2021,"per 100,000 inhabitants",21 to under 60 years,female,,,,,,victims of intentional homicide,0.66
2022,"per 100,000 inhabitants",21 to under 60 years,female,,,,,,victims of intentional homicide,0.65
2023,"per 100,000 inhabitants",21 to under 60 years,female,,,,,,victims of intentional homicide,0.87
2024,"per 100,000 inhabitants",21 to under 60 years,female,,,|,,,victims of intentional homicide,0.73
2025,"per 100,000 inhabitants",21 to under 60 years,female,,,,,,victims of intentional homicide,1.33
2010,"per 100,000 inhabitants",21 to under 60 years,male,,,,,,victims of intentional homicide,1.10
2011,"per 100,000 inhabitants",21 to under 60 years,male,,,,,,victims of intentional homicide,1.09
2012,"per 100,000 inhabitants",21 to under 60 years,male,,,,,,victims of intentional homicide,0.98
2013,"per 100,000 inhabitants",21 to under 60 years,male,,,|,,,victims of intentional homicide,1.00
2014,"per 100,000 inhabitants",21 to under 60 years,male,,,,,,victims of intentional homicide,1.03
2015,"per 100,000 inhabitants",21 to under 60 years,male,,,,,,victims of intentional homicide,0.87
2016,"per 100,000 inhabitants",21 to under 60 years,male,,,,,,victims of intentional homicide,1.31
2017,"per 100,000 inhabitants",21 to under 60 years,male,,,,,,victims of intentional homicide,1.07
2018,"per 100,000 inhabitants",21 to under 60 years,male,,,,,,victims of intentional homicide,1.18
2019,"per 100,000 inhabitants",21 to under 60 years,male,,,,,,victims of intentional homicide,0.93
2020,"per 100,000 inhabitants",21 to under 60 years,male,,,,,,victims of intentional homicide,1.07
2021,"per 100,000 inhabitants",21 to under 60 years,male,,,,,,victims of intentional homicide,0.90
2022,"per 100,000 inhabitants",21 to under 60 years,male,,,,,,victims of intentional homicide,0.92
2023,"per 100,000 inhabitants",21 to under 60 years,male,,,,,,victims of intentional homicide,1.13
2024,"per 100,000 inhabitants",21 to under 60 years,male,,,|,,,victims of intentional homicide,1.23
2025,"per 100,000 inhabitants",21 to under 60 years,male,,,,,,victims of intentional homicide,1.44
2010,"per 100,000 inhabitants",60 years and older,female,,,,,,victims of intentional homicide,1.02
2011,"per 100,000 inhabitants",60 years and older,female,,,,,,victims of intentional homicide,0.93
2012,"per 100,000 inhabitants",60 years and older,female,,,,,,victims of intentional homicide,0.89
2013,"per 100,000 inhabitants",60 years and older,female,,,|,,,victims of intentional homicide,1.01
2014,"per 100,000 inhabitants",60 years and older,female,,,,,,victims of intentional homicide,0.99
2015,"per 100,000 inhabitants",60 years and older,female,,,,,,victims of intentional homicide,1.16
2016,"per 100,000 inhabitants",60 years and older,female,,,,,,victims of intentional homicide,1.31
2017,"per 100,000 inhabitants",60 years and older,female,,,,,,victims of intentional homicide,1.33
2018,"per 100,000 inhabitants",60 years and older,female,,,,,,victims of intentional homicide,1.04
2019,"per 100,000 inhabitants",60 years and older,female,,,,,,victims of intentional homicide,0.82
2020,"per 100,000 inhabitants",60 years and older,female,,,,,,victims of intentional homicide,1.24
2021,"per 100,000 inhabitants",60 years and older,female,,,,,,victims of intentional homicide,1.08
2022,"per 100,000 inhabitants",60 years and older,female,,,,,,victims of intentional homicide,1.24
2023,"per 100,000 inhabitants",60 years and older,female,,,,,,victims of intentional homicide,0.99
2024,"per 100,000 inhabitants",60 years and older,female,,,|,,,victims of intentional homicide,1.08
2025,"per 100,000 inhabitants",60 years and older,female,,,,,,victims of intentional homicide,1.42
2010,"per 100,000 inhabitants",60 years and older,male,,,,,,victims of intentional homicide,0.93
2011,"per 100,000 inhabitants",60 years and older,male,,,,,,victims of intentional homicide,0.77
2012,"per 100,000 inhabitants",60 years and older,male,,,,,,victims of intentional homicide,0.76
2013,"per 100,000 inhabitants",60 years and older,male,,,|,,,victims of intentional homicide,0.94
2014,"per 100,000 inhabitants",60 years and older,male,,,,,,victims of intentional homicide,0.95
2015,"per 100,000 inhabitants",60 years and older,male,,,,,,victims of intentional homicide,1.03
2016,"per 100,000 inhabitants",60 years and older,male,,,,,,victims of intentional homicide,1.27
2017,"per 100,000 inhabitants",60 years and older,male,,,,,,victims of intentional homicide,1.41
2018,"per 100,000 inhabitants",60 years and older,male,,,,,,victims of intentional homicide,0.97
2019,"per 100,000 inhabitants",60 years and older,male,,,,,,victims of intentional homicide,0.90
2020,"per 100,000 inhabitants",60 years and older,male,,,,,,victims of intentional homicide,1.21
2021,"per 100,000 inhabitants",60 years and older,male,,,,,,victims of intentional homicide,0.92
2022,"per 100,000 inhabitants",60 years and older,male,,,,,,victims of intentional homicide,0.89
2023,"per 100,000 inhabitants",60 years and older,male,,,,,,victims of intentional homicide,0.88
2024,"per 100,000 inhabitants",60 years and older,male,,,|,,,victims of intentional homicide,1.06
2025,"per 100,000 inhabitants",60 years and older,male,,,,,,victims of intentional homicide,1.50
2010,number,,,,,,,,victims of intentional homicide,793
2011,number,,,,,,,,victims of intentional homicide,738
2012,number,,,,,,,,victims of intentional homicide,659
2013,number,,,,,,,,victims of intentional homicide,682
2014,number,,,,,,,,victims of intentional homicide,716
2015,number,,,,,,,,victims of intentional homicide,682
2016,number,,,,,,,,victims of intentional homicide,963
2017,number,,,,,,,,victims of intentional homicide,813
2018,number,,,,,,,,victims of intentional homicide,788
2019,number,,,,,,,,victims of intentional homicide,623
2020,number,,,,,,,,victims of intentional homicide,782
2021,number,,,,,,,,victims of intentional homicide,695
2022,number,,,,,,,,victims of intentional homicide,686
2023,number,,,,,,,,victims of intentional homicide,770
2024,number,,,,,,,,victims of intentional homicide,779
2025,number,,,,,,,,victims of intentional homicide,1112
2010,number,13 years and younger,,,,,,,victims of intentional homicide,77
2011,number,13 years and younger,,,,,,,victims of intentional homicide,73
2012,number,13 years and younger,,,,,,,victims of intentional homicide,90
2013,number,13 years and younger,,,,,,,victims of intentional homicide,66
2014,number,13 years and younger,,,,,,,victims of intentional homicide,63
2015,number,13 years and younger,,,,,,,victims of intentional homicide,62
2016,number,13 years and younger,,,,,,,victims of intentional homicide,68
2017,number,13 years and younger,,,,,,,victims of intentional homicide,67
2018,number,13 years and younger,,,,,,,victims of intentional homicide,70
2019,number,13 years and younger,,,,,,,victims of intentional homicide,46
2020,number,13 years and younger,,,,,,,victims of intentional homicide,79
2021,number,13 years and younger,,,,,,,victims of intentional homicide,83
2022,number,13 years and younger,,,,,,,victims of intentional homicide,51
2023,number,13 years and younger,,,,,,,victims of intentional homicide,72
2024,number,13 years and younger,,,,,,,victims of intentional homicide,56
2025,number,13 years and younger,,,,,,,victims of intentional homicide,92
2010,number,14 to under 18 years,,,,,,,victims of intentional homicide,22
2011,number,14 to under 18 years,,,,,,,victims of intentional homicide,27
2012,number,14 to under 18 years,,,,,,,victims of intentional homicide,6
2013,number,14 to under 18 years,,,,,,,victims of intentional homicide,12
2014,number,14 to under 18 years,,,,,,,victims of intentional homicide,15
2015,number,14 to under 18 years,,,,,,,victims of intentional homicide,14
2016,number,14 to under 18 years,,,,,,,victims of intentional homicide,35
2017,number,14 to under 18 years,,,,,,,victims of intentional homicide,4
2018,number,14 to under 18 years,,,,,,,victims of intentional homicide,14
2019,number,14 to under 18 years,,,,,,,victims of intentional homicide,11
2020,number,14 to under 18 years,,,,,,,victims of intentional homicide,12
2021,number,14 to under 18 years,,,,,,,victims of intentional homicide,14
2022,number,14 to under 18 years,,,,,,,victims of intentional homicide,14
2023,number,14 to under 18 years,,,,,,,victims of intentional homicide,17
2024,number,14 to under 18 years,,,,,,,victims of intentional homicide,15
2025,number,14 to under 18 years,,,,,,,victims of intentional homicide,36
2010,number,18 to under 21 years,,,,,,,victims of intentional homicide,38
2011,number,18 to under 21 years,,,,,,,victims of intentional homicide,29
2012,number,18 to under 21 years,,,,,,,victims of intentional homicide,23
2013,number,18 to under 21 years,,,,,,,victims of intentional homicide,15
2014,number,18 to under 21 years,,,,,,,victims of intentional homicide,20
2015,number,18 to under 21 years,,,,,,,victims of intentional homicide,18
2016,number,18 to under 21 years,,,,,,,victims of intentional homicide,43
2017,number,18 to under 21 years,,,,,,,victims of intentional homicide,16
2018,number,18 to under 21 years,,,,,,,victims of intentional homicide,26
2019,number,18 to under 21 years,,,,,,,victims of intentional homicide,16
2020,number,18 to under 21 years,,,,,,,victims of intentional homicide,21
2021,number,18 to under 21 years,,,,,,,victims of intentional homicide,19
2022,number,18 to under 21 years,,,,,,,victims of intentional homicide,23
2023,number,18 to under 21 years,,,,,,,victims of intentional homicide,18
2024,number,18 to under 21 years,,,,,,,victims of intentional homicide,27
2025,number,18 to under 21 years,,,,,,,victims of intentional homicide,34
2010,number,21 to under 60 years,,,,,,,victims of intentional homicide,448
2011,number,21 to under 60 years,,,,,,,victims of intentional homicide,424
2012,number,21 to under 60 years,,,,,,,victims of intentional homicide,359
2013,number,21 to under 60 years,,,,,,,victims of intentional homicide,377
2014,number,21 to under 60 years,,,,,,,victims of intentional homicide,405
2015,number,21 to under 60 years,,,,,,,victims of intentional homicide,343
2016,number,21 to under 60 years,,,,,,,victims of intentional homicide,527
2017,number,21 to under 60 years,,,,,,,victims of intentional homicide,414
2018,number,21 to under 60 years,,,,,,,victims of intentional homicide,445
2019,number,21 to under 60 years,,,,,,,victims of intentional homicide,349
2020,number,21 to under 60 years,,,,,,,victims of intentional homicide,378
2021,number,21 to under 60 years,,,,,,,victims of intentional homicide,336
2022,number,21 to under 60 years,,,,,,,victims of intentional homicide,334
2023,number,21 to under 60 years,,,,,,,victims of intentional homicide,430
2024,number,21 to under 60 years,,,,,,,victims of intentional homicide,412
2025,number,21 to under 60 years,,,,,,,victims of intentional homicide,579
2010,number,60 years and older,,,,,,,victims of intentional homicide,208
2011,number,60 years and older,,,,,,,victims of intentional homicide,185
2012,number,60 years and older,,,,,,,victims of intentional homicide,181
2013,number,60 years and older,,,,,,,victims of intentional homicide,212
2014,number,60 years and older,,,,,,,victims of intentional homicide,213
2015,number,60 years and older,,,,,,,victims of intentional homicide,245
2016,number,60 years and older,,,,,,,victims of intentional homicide,290
2017,number,60 years and older,,,,,,,victims of intentional homicide,312
2018,number,60 years and older,,,,,,,victims of intentional homicide,233
2019,number,60 years and older,,,,,,,victims of intentional homicide,201
2020,number,60 years and older,,,,,,,victims of intentional homicide,292
2021,number,60 years and older,,,,,,,victims of intentional homicide,243
2022,number,60 years and older,,,,,,,victims of intentional homicide,264
2023,number,60 years and older,,,,,,,victims of intentional homicide,233
2024,number,60 years and older,,,,,,,victims of intentional homicide,269
2025,number,60 years and older,,,,,,,victims of intentional homicide,371
2010,number,,female,,,,,,victims of intentional homicide,393
2011,number,,female,,,,,,victims of intentional homicide,338
2012,number,,female,,,,,,victims of intentional homicide,296
2013,number,,female,,,,,,victims of intentional homicide,328
2014,number,,female,,,,,,victims of intentional homicide,339
2015,number,,female,,,,,,victims of intentional homicide,327
2016,number,,female,,,,,,victims of intentional homicide,469
2017,number,,female,,,,,,victims of intentional homicide,380
2018,number,,female,,,,,,victims of intentional homicide,367
2019,number,,female,,,,,,victims of intentional homicide,276
2020,number,,female,,,,,,victims of intentional homicide,357
2021,number,,female,,,,,,victims of intentional homicide,337
2022,number,,female,,,,,,victims of intentional homicide,349
2023,number,,female,,,,,,victims of intentional homicide,374
2024,number,,female,,,,,,victims of intentional homicide,338
2025,number,,female,,,,,,victims of intentional homicide,552
2010,number,,male,,,,,,victims of intentional homicide,400
2011,number,,male,,,,,,victims of intentional homicide,400
2012,number,,male,,,,,,victims of intentional homicide,363
2013,number,,male,,,,,,victims of intentional homicide,354
2014,number,,male,,,,,,victims of intentional homicide,377
2015,number,,male,,,,,,victims of intentional homicide,355
2016,number,,male,,,,,,victims of intentional homicide,494
2017,number,,male,,,,,,victims of intentional homicide,433
2018,number,,male,,,,,,victims of intentional homicide,421
2019,number,,male,,,,,,victims of intentional homicide,347
2020,number,,male,,,,,,victims of intentional homicide,425
2021,number,,male,,,,,,victims of intentional homicide,358
2022,number,,male,,,,,,victims of intentional homicide,337
2023,number,,male,,,,,,victims of intentional homicide,396
2024,number,,male,,,,,,victims of intentional homicide,441
2025,number,,male,,,,,,victims of intentional homicide,560
2010,number,13 years and younger,female,,,,,,victims of intentional homicide,37
2011,number,13 years and younger,female,,,,,,victims of intentional homicide,24
2012,number,13 years and younger,female,,,,,,victims of intentional homicide,39
2013,number,13 years and younger,female,,,,,,victims of intentional homicide,37
2014,number,13 years and younger,female,,,,,,victims of intentional homicide,24
2015,number,13 years and younger,female,,,,,,victims of intentional homicide,25
2016,number,13 years and younger,female,,,,,,victims of intentional homicide,30
2017,number,13 years and younger,female,,,,,,victims of intentional homicide,28
2018,number,13 years and younger,female,,,,,,victims of intentional homicide,30
2019,number,13 years and younger,female,,,,,,victims of intentional homicide,17
2020,number,13 years and younger,female,,,,,,victims of intentional homicide,43
2021,number,13 years and younger,female,,,,,,victims of intentional homicide,43
2022,number,13 years and younger,female,,,,,,victims of intentional homicide,27
2023,number,13 years and younger,female,,,,,,victims of intentional homicide,39
2024,number,13 years and younger,female,,,,,,victims of intentional homicide,20
2025,number,13 years and younger,female,,,,,,victims of intentional homicide,48
2010,number,13 years and younger,male,,,,,,victims of intentional homicide,40
2011,number,13 years and younger,male,,,,,,victims of intentional homicide,49
2012,number,13 years and younger,male,,,,,,victims of intentional homicide,51
2013,number,13 years and younger,male,,,,,,victims of intentional homicide,29
2014,number,13 years and younger,male,,,,,,victims of intentional homicide,39
2015,number,13 years and younger,male,,,,,,victims of intentional homicide,37
2016,number,13 years and younger,male,,,,,,victims of intentional homicide,38
2017,number,13 years and younger,male,,,,,,victims of intentional homicide,39
2018,number,13 years and younger,male,,,,,,victims of intentional homicide,40
2019,number,13 years and younger,male,,,,,,victims of intentional homicide,29
2020,number,13 years and younger,male,,,,,,victims of intentional homicide,36
2021,number,13 years and younger,male,,,,,,victims of intentional homicide,40
2022,number,13 years and younger,male,,,,,,victims of intentional homicide,24
2023,number,13 years and younger,male,,,,,,victims of intentional homicide,33
2024,number,13 years and younger,male,,,,,,victims of intentional homicide,36
2025,number,13 years and younger,male,,,,,,victims of intentional homicide,44
2010,number,14 to under 18 years,female,,,,,,victims of intentional homicide,14
2011,number,14 to under 18 years,female,,,,,,victims of intentional homicide,12
2012,number,14 to under 18 years,female,,,‒,,,victims of intentional homicide,0
2013,number,14 to under 18 years,female,,,,,,victims of intentional homicide,4
2014,number,14 to under 18 years,female,,,,,,victims of intentional homicide,5
2015,number,14 to under 18 years,female,,,,,,victims of intentional homicide,9
2016,number,14 to under 18 years,female,,,,,,victims of intentional homicide,22
2017,number,14 to under 18 years,female,,,,,,victims of intentional homicide,1
2018,number,14 to under 18 years,female,,,,,,victims of intentional homicide,8
2019,number,14 to under 18 years,female,,,,,,victims of intentional homicide,4
2020,number,14 to under 18 years,female,,,,,,victims of intentional homicide,4
2021,number,14 to under 18 years,female,,,,,,victims of intentional homicide,7
2022,number,14 to under 18 years,female,,,,,,victims of intentional homicide,12
2023,number,14 to under 18 years,female,,,,,,victims of intentional homicide,8
2024,number,14 to under 18 years,female,,,,,,victims of intentional homicide,7
2025,number,14 to under 18 years,female,,,,,,victims of intentional homicide,16
2010,number,14 to under 18 years,male,,,,,,victims of intentional homicide,8
2011,number,14 to under 18 years,male,,,,,,victims of intentional homicide,15
2012,number,14 to under 18 years,male,,,,,,victims of intentional homicide,6
2013,number,14 to under 18 years,male,,,,,,victims of intentional homicide,8
2014,number,14 to under 18 years,male,,,,,,victims of intentional homicide,10
2015,number,14 to under 18 years,male,,,,,,victims of intentional homicide,5
2016,number,14 to under 18 years,male,,,,,,victims of intentional homicide,13
2017,number,14 to under 18 years,male,,,,,,victims of intentional homicide,3
2018,number,14 to under 18 years,male,,,,,,victims of intentional homicide,6
2019,number,14 to under 18 years,male,,,,,,victims of intentional homicide,7
2020,number,14 to under 18 years,male,,,,,,victims of intentional homicide,8
2021,number,14 to under 18 years,male,,,,,,victims of intentional homicide,7
2022,number,14 to under 18 years,male,,,,,,victims of intentional homicide,2
2023,number,14 to under 18 years,male,,,,,,victims of intentional homicide,9
2024,number,14 to under 18 years,male,,,,,,victims of intentional homicide,8
2025,number,14 to under 18 years,male,,,,,,victims of intentional homicide,20
2010,number,18 to under 21 years,female,,,,,,victims of intentional homicide,19
2011,number,18 to under 21 years,female,,,,,,victims of intentional homicide,10
2012,number,18 to under 21 years,female,,,,,,victims of intentional homicide,10
2013,number,18 to under 21 years,female,,,,,,victims of intentional homicide,6
2014,number,18 to under 21 years,female,,,,,,victims of intentional homicide,9
2015,number,18 to under 21 years,female,,,,,,victims of intentional homicide,9
2016,number,18 to under 21 years,female,,,,,,victims of intentional homicide,18
2017,number,18 to under 21 years,female,,,,,,victims of intentional homicide,7
2018,number,18 to under 21 years,female,,,,,,victims of intentional homicide,12
2019,number,18 to under 21 years,female,,,,,,victims of intentional homicide,5
2020,number,18 to under 21 years,female,,,,,,victims of intentional homicide,6
2021,number,18 to under 21 years,female,,,,,,victims of intentional homicide,4
2022,number,18 to under 21 years,female,,,,,,victims of intentional homicide,8
2023,number,18 to under 21 years,female,,,,,,victims of intentional homicide,9
2024,number,18 to under 21 years,female,,,,,,victims of intentional homicide,13
2025,number,18 to under 21 years,female,,,,,,victims of intentional homicide,18
2010,number,18 to under 21 years,male,,,,,,victims of intentional homicide,19
2011,number,18 to under 21 years,male,,,,,,victims of intentional homicide,19
2012,number,18 to under 21 years,male,,,,,,victims of intentional homicide,13
2013,number,18 to under 21 years,male,,,,,,victims of intentional homicide,9
2014,number,18 to under 21 years,male,,,,,,victims of intentional homicide,11
2015,number,18 to under 21 years,male,,,,,,victims of intentional homicide,9
2016,number,18 to under 21 years,male,,,,,,victims of intentional homicide,25
2017,number,18 to under 21 years,male,,,,,,victims of intentional homicide,9
2018,number,18 to under 21 years,male,,,,,,victims of intentional homicide,14
2019,number,18 to under 21 years,male,,,,,,victims of intentional homicide,11
2020,number,18 to under 21 years,male,,,,,,victims of intentional homicide,15
2021,number,18 to under 21 years,male,,,,,,victims of intentional homicide,15
2022,number,18 to under 21 years,male,,,,,,victims of intentional homicide,15
2023,number,18 to under 21 years,male,,,,,,victims of intentional homicide,9
2024,number,18 to under 21 years,male,,,,,,victims of intentional homicide,14
2025,number,18 to under 21 years,male,,,,,,victims of intentional homicide,16
2010,number,21 to under 60 years,female,,,,,,victims of intentional homicide,202
2011,number,21 to under 60 years,female,,,,,,victims of intentional homicide,180
2012,number,21 to under 60 years,female,,,,,,victims of intentional homicide,139
2013,number,21 to under 60 years,female,,,,,,victims of intentional homicide,159
2014,number,21 to under 60 years,female,,,,,,victims of intentional homicide,180
2015,number,21 to under 60 years,female,,,,,,victims of intentional homicide,141
2016,number,21 to under 60 years,female,,,,,,victims of intentional homicide,236
2017,number,21 to under 60 years,female,,,,,,victims of intentional homicide,176
2018,number,21 to under 60 years,female,,,,,,victims of intentional homicide,184
2019,number,21 to under 60 years,female,,,,,,victims of intentional homicide,144
2020,number,21 to under 60 years,female,,,,,,victims of intentional homicide,142
2021,number,21 to under 60 years,female,,,,,,victims of intentional homicide,140
2022,number,21 to under 60 years,female,,,,,,victims of intentional homicide,136
2023,number,21 to under 60 years,female,,,,,,victims of intentional homicide,184
2024,number,21 to under 60 years,female,,,,,,victims of intentional homicide,150
2025,number,21 to under 60 years,female,,,,,,victims of intentional homicide,273
2010,number,21 to under 60 years,male,,,,,,victims of intentional homicide,246
2011,number,21 to under 60 years,male,,,,,,victims of intentional homicide,244
2012,number,21 to under 60 years,male,,,,,,victims of intentional homicide,220
2013,number,21 to under 60 years,male,,,,,,victims of intentional homicide,218
2014,number,21 to under 60 years,male,,,,,,victims of intentional homicide,225
2015,number,21 to under 60 years,male,,,,,,victims of intentional homicide,202
2016,number,21 to under 60 years,male,,,,,,victims of intentional homicide,291
2017,number,21 to under 60 years,male,,,,,,victims of intentional homicide,238
2018,number,21 to under 60 years,male,,,,,,victims of intentional homicide,261
2019,number,21 to under 60 years,male,,,,,,victims of intentional homicide,205
2020,number,21 to under 60 years,male,,,,,,victims of intentional homicide,236
2021,number,21 to under 60 years,male,,,,,,victims of intentional homicide,196
2022,number,21 to under 60 years,male,,,,,,victims of intentional homicide,198
2023,number,21 to under 60 years,male,,,,,,victims of intentional homicide,246
2024,number,21 to under 60 years,male,,,,,,victims of intentional homicide,262
2025,number,21 to under 60 years,male,,,,,,victims of intentional homicide,306
2010,number,60 years and older,female,,,,,,victims of intentional homicide,121
2011,number,60 years and older,female,,,,,,victims of intentional homicide,112
2012,number,60 years and older,female,,,,,,victims of intentional homicide,108
2013,number,60 years and older,female,,,,,,victims of intentional homicide,122
2014,number,60 years and older,female,,,,,,victims of intentional homicide,121
2015,number,60 years and older,female,,,,,,victims of intentional homicide,143
2016,number,60 years and older,female,,,,,,victims of intentional homicide,163
2017,number,60 years and older,female,,,,,,victims of intentional homicide,168
2018,number,60 years and older,female,,,,,,victims of intentional homicide,133
2019,number,60 years and older,female,,,,,,victims of intentional homicide,106
2020,number,60 years and older,female,,,,,,victims of intentional homicide,162
2021,number,60 years and older,female,,,,,,victims of intentional homicide,143
2022,number,60 years and older,female,,,,,,victims of intentional homicide,166
2023,number,60 years and older,female,,,,,,victims of intentional homicide,134
2024,number,60 years and older,female,,,,,,victims of intentional homicide,148
2025,number,60 years and older,female,,,,,,victims of intentional homicide,197
2010,number,60 years and older,male,,,,,,victims of intentional homicide,87
2011,number,60 years and older,male,,,,,,victims of intentional homicide,73
2012,number,60 years and older,male,,,,,,victims of intentional homicide,73
2013,number,60 years and older,male,,,,,,victims of intentional homicide,90
2014,number,60 years and older,male,,,,,,victims of intentional homicide,92
2015,number,60 years and older,male,,,,,,victims of intentional homicide,102
2016,number,60 years and older,male,,,,,,victims of intentional homicide,127
2017,number,60 years and older,male,,,,,,victims of intentional homicide,144
2018,number,60 years and older,male,,,,,,victims of intentional homicide,100
2019,number,60 years and older,male,,,,,,victims of intentional homicide,95
2020,number,60 years and older,male,,,,,,victims of intentional homicide,130
2021,number,60 years and older,male,,,,,,victims of intentional homicide,100
2022,number,60 years and older,male,,,,,,victims of intentional homicide,98
2023,number,60 years and older,male,,,,,,victims of intentional homicide,99
2024,number,60 years and older,male,,,,,,victims of intentional homicide,121
2025,number,60 years and older,male,,,,,,victims of intentional homicide,174
2010,number,,,intimate partner or family member,,,,,victims of intentional homicide,343
2011,number,,,intimate partner or family member,,,,,victims of intentional homicide,318
2012,number,,,intimate partner or family member,,,,,victims of intentional homicide,287
2013,number,,,intimate partner or family member,,,,,victims of intentional homicide,308
2014,number,,,intimate partner or family member,,,,,victims of intentional homicide,340
2015,number,,,intimate partner or family member,,,,,victims of intentional homicide,293
2016,number,,,intimate partner or family member,,,,,victims of intentional homicide,325
2017,number,,,intimate partner or family member,,,,,victims of intentional homicide,336
2018,number,,,intimate partner or family member,,,,,victims of intentional homicide,310
2019,number,,,intimate partner or family member,,,,,victims of intentional homicide,282
2020,number,,,intimate partner or family member,,,,,victims of intentional homicide,332
2021,number,,,intimate partner or family member,,,,,victims of intentional homicide,286
2022,number,,,intimate partner or family member,,,,,victims of intentional homicide,271
2023,number,,,intimate partner or family member,,,,,victims of intentional homicide,341
2024,number,,,intimate partner or family member,,,,,victims of intentional homicide,304
2025,number,,,intimate partner or family member,,,,,victims of intentional homicide,310
2010,number,,female,intimate partner or family member,,,,,victims of intentional homicide,232
2011,number,,female,intimate partner or family member,,,,,victims of intentional homicide,228
2012,number,,female,intimate partner or family member,,,,,victims of intentional homicide,182
2013,number,,female,intimate partner or family member,,,,,victims of intentional homicide,224
2014,number,,female,intimate partner or family member,,,,,victims of intentional homicide,241
2015,number,,female,intimate partner or family member,,,,,victims of intentional homicide,210
2016,number,,female,intimate partner or family member,,,,,victims of intentional homicide,238
2017,number,,female,intimate partner or family member,,,,,victims of intentional homicide,231
2018,number,,female,intimate partner or family member,,,,,victims of intentional homicide,204
2019,number,,female,intimate partner or family member,,,,,victims of intentional homicide,187
2020,number,,female,intimate partner or family member,,,,,victims of intentional homicide,225
2021,number,,female,intimate partner or family member,,,,,victims of intentional homicide,207
2022,number,,female,intimate partner or family member,,,,,victims of intentional homicide,198
2023,number,,female,intimate partner or family member,,,,,victims of intentional homicide,253
2024,number,,female,intimate partner or family member,,,,,victims of intentional homicide,203
2025,number,,female,intimate partner or family member,,,,,victims of intentional homicide,220
2010,number,,male,intimate partner or family member,,,,,victims of intentional homicide,111
2011,number,,male,intimate partner or family member,,,,,victims of intentional homicide,90
2012,number,,male,intimate partner or family member,,,,,victims of intentional homicide,105
2013,number,,male,intimate partner or family member,,,,,victims of intentional homicide,84
2014,number,,male,intimate partner or family member,,,,,victims of intentional homicide,99
2015,number,,male,intimate partner or family member,,,,,victims of intentional homicide,83
2016,number,,male,intimate partner or family member,,,,,victims of intentional homicide,87
2017,number,,male,intimate partner or family member,,,,,victims of intentional homicide,105
2018,number,,male,intimate partner or family member,,,,,victims of intentional homicide,106
2019,number,,male,intimate partner or family member,,,,,victims of intentional homicide,95
2020,number,,male,intimate partner or family member,,,,,victims of intentional homicide,107
2021,number,,male,intimate partner or family member,,,,,victims of intentional homicide,79
2022,number,,male,intimate partner or family member,,,,,victims of intentional homicide,73
2023,number,,male,intimate partner or family member,,,,,victims of intentional homicide,88
2024,number,,male,intimate partner or family member,,,,,victims of intentional homicide,101
2025,number,,male,intimate partner or family member,,,,,victims of intentional homicide,90
2010,number,,,intimate partner,,.,,,victims of intentional homicide,
2011,number,,,intimate partner,,.,,,victims of intentional homicide,
2012,number,,,intimate partner,,,,,victims of intentional homicide,133
2013,number,,,intimate partner,,,,,victims of intentional homicide,175
2014,number,,,intimate partner,,,,,victims of intentional homicide,197
2015,number,,,intimate partner,,,,,victims of intentional homicide,163
2016,number,,,intimate partner,,,,,victims of intentional homicide,181
2017,number,,,intimate partner,,,,,victims of intentional homicide,189
2018,number,,,intimate partner,,,,,victims of intentional homicide,155
2019,number,,,intimate partner,,,,,victims of intentional homicide,156
2020,number,,,intimate partner,,,,,victims of intentional homicide,177
2021,number,,,intimate partner,,,,,victims of intentional homicide,135
2022,number,,,intimate partner,,,,,victims of intentional homicide,158
2023,number,,,intimate partner,,,,,victims of intentional homicide,183
2024,number,,,intimate partner,,,,,victims of intentional homicide,164
2025,number,,,intimate partner,,,,,victims of intentional homicide,163
2010,number,,female,intimate partner,,.,,,victims of intentional homicide,
2011,number,,female,intimate partner,,.,,,victims of intentional homicide,
2012,number,,female,intimate partner,,,,,victims of intentional homicide,113
2013,number,,female,intimate partner,,,,,victims of intentional homicide,146
2014,number,,female,intimate partner,,,,,victims of intentional homicide,167
2015,number,,female,intimate partner,,,,,victims of intentional homicide,139
2016,number,,female,intimate partner,,,,,victims of intentional homicide,164
2017,number,,female,intimate partner,,,,,victims of intentional homicide,153
2018,number,,female,intimate partner,,,,,victims of intentional homicide,127
2019,number,,female,intimate partner,,,,,victims of intentional homicide,123
2020,number,,female,intimate partner,,,,,victims of intentional homicide,146
2021,number,,female,intimate partner,,,,,victims of intentional homicide,121
2022,number,,female,intimate partner,,,,,victims of intentional homicide,137
2023,number,,female,intimate partner,,,,,victims of intentional homicide,159
2024,number,,female,intimate partner,,,,,victims of intentional homicide,138
2025,number,,female,intimate partner,,,,,victims of intentional homicide,139
2010,number,,male,intimate partner,,.,,,victims of intentional homicide,
2011,number,,male,intimate partner,,.,,,victims of intentional homicide,
2012,number,,male,intimate partner,,,,,victims of intentional homicide,20
2013,number,,male,intimate partner,,,,,victims of intentional homicide,29
2014,number,,male,intimate partner,,,,,victims of intentional homicide,30
2015,number,,male,intimate partner,,,,,victims of intentional homicide,24
2016,number,,male,intimate partner,,,,,victims of intentional homicide,17
2017,number,,male,intimate partner,,,,,victims of intentional homicide,36
2018,number,,male,intimate partner,,,,,victims of intentional homicide,28
2019,number,,male,intimate partner,,,,,victims of intentional homicide,33
2020,number,,male,intimate partner,,,,,victims of intentional homicide,31
2021,number,,male,intimate partner,,,,,victims of intentional homicide,14
2022,number,,male,intimate partner,,,,,victims of intentional homicide,21
2023,number,,male,intimate partner,,,,,victims of intentional homicide,24
2024,number,,male,intimate partner,,,,,victims of intentional homicide,26
2025,number,,male,intimate partner,,,,,victims of intentional homicide,24
2010,number,,,family member,,.,,,victims of intentional homicide,
2011,number,,,family member,,.,,,victims of intentional homicide,
2012,number,,,family member,,,,,victims of intentional homicide,154
2013,number,,,family member,,,,,victims of intentional homicide,133
2014,number,,,family member,,,,,victims of intentional homicide,143
2015,number,,,family member,,,,,victims of intentional homicide,130
2016,number,,,family member,,,,,victims of intentional homicide,144
2017,number,,,family member,,,,,victims of intentional homicide,147
2018,number,,,family member,,,,,victims of intentional homicide,155
2019,number,,,family member,,,,,victims of intentional homicide,126
2020,number,,,family member,,,,,victims of intentional homicide,155
2021,number,,,family member,,,,,victims of intentional homicide,151
2022,number,,,family member,,,,,victims of intentional homicide,113
2023,number,,,family member,,,,,victims of intentional homicide,158
2024,number,,,family member,,,,,victims of intentional homicide,140
2025,number,,,family member,,,,,victims of intentional homicide,147
2010,number,,female,family member,,.,,,victims of intentional homicide,
2011,number,,female,family member,,.,,,victims of intentional homicide,
2012,number,,female,family member,,,,,victims of intentional homicide,69
2013,number,,female,family member,,,,,victims of intentional homicide,78
2014,number,,female,family member,,,,,victims of intentional homicide,74
2015,number,,female,family member,,,,,victims of intentional homicide,71
2016,number,,female,family member,,,,,victims of intentional homicide,74
2017,number,,female,family member,,,,,victims of intentional homicide,78
2018,number,,female,family member,,,,,victims of intentional homicide,77
2019,number,,female,family member,,,,,victims of intentional homicide,64
2020,number,,female,family member,,,,,victims of intentional homicide,79
2021,number,,female,family member,,,,,victims of intentional homicide,86
2022,number,,female,family member,,,,,victims of intentional homicide,61
2023,number,,female,family member,,,,,victims of intentional homicide,94
2024,number,,female,family member,,,,,victims of intentional homicide,65
2025,number,,female,family member,,,,,victims of intentional homicide,81
2010,number,,male,family member,,.,,,victims of intentional homicide,
2011,number,,male,family member,,.,,,victims of intentional homicide,
2012,number,,male,family member,,,,,victims of intentional homicide,85
2013,number,,male,family member,,,,,victims of intentional homicide,55
2014,number,,male,family member,,,,,victims of intentional homicide,69
2015,number,,male,family member,,,,,victims of intentional homicide,59
2016,number,,male,family member,,,,,victims of intentional homicide,70
2017,number,,male,family member,,,,,victims of intentional homicide,69
2018,number,,male,family member,,,,,victims of intentional homicide,78
2019,number,,male,family member,,,,,victims of intentional homicide,62
2020,number,,male,family member,,,,,victims of intentional homicide,76
2021,number,,male,family member,,,,,victims of intentional homicide,65
2022,number,,male,family member,,,,,victims of intentional homicide,52
2023,number,,male,family member,,,,,victims of intentional homicide,64
2024,number,,male,family member,,,,,victims of intentional homicide,75
2025,number,,male,family member,,,,,victims of intentional homicide,66
2010,percentage,,,,,0,,,victims of intentional homicide,0.00097
2011,percentage,,,,,0,,,victims of intentional homicide,0.00092
2012,percentage,,,,,0,,,victims of intentional homicide,0.00082
2013,percentage,,,,,0,,,victims of intentional homicide,0.00085
2014,percentage,,,,,0,,,victims of intentional homicide,0.00088
2015,percentage,,,,,0,,,victims of intentional homicide,0.00083
2016,percentage,,,,,0,,,victims of intentional homicide,0.00117
2017,percentage,,,,,0,,,victims of intentional homicide,0.00099
2018,percentage,,,,,0,,,victims of intentional homicide,0.00096
2019,percentage,,,,,0,,,victims of intentional homicide,0.00076
2020,percentage,,,,,0,,,victims of intentional homicide,0.00095
2021,percentage,,,,,0,,,victims of intentional homicide,0.00085
2022,percentage,,,,,0,,,victims of intentional homicide,0.00083
2023,percentage,,,,,0,,,victims of intentional homicide,0.00092
2024,percentage,,,,,0,,,victims of intentional homicide,0.00093
2025,percentage,,,,,0,,,victims of intentional homicide,0.0013
2010,percentage,13 years and younger,,,,0,,,victims of intentional homicide,0.00076
2011,percentage,13 years and younger,,,,0,,,victims of intentional homicide,0.00080
2012,percentage,13 years and younger,,,,0,,,victims of intentional homicide,0.00099
2013,percentage,13 years and younger,,,,0,,,victims of intentional homicide,0.00073
2014,percentage,13 years and younger,,,,0,,,victims of intentional homicide,0.00069
2015,percentage,13 years and younger,,,,0,,,victims of intentional homicide,0.00067
2016,percentage,13 years and younger,,,,0,,,victims of intentional homicide,0.00072
2017,percentage,13 years and younger,,,,0,,,victims of intentional homicide,0.00070
2018,percentage,13 years and younger,,,,0,,,victims of intentional homicide,0.00072
2019,percentage,13 years and younger,,,,0,,,victims of intentional homicide,0.00047
2020,percentage,13 years and younger,,,,0,,,victims of intentional homicide,0.00081
2021,percentage,13 years and younger,,,,0,,,victims of intentional homicide,0.00085
2022,percentage,13 years and younger,,,,0,,,victims of intentional homicide,0.00048
2023,percentage,13 years and younger,,,,0,,,victims of intentional homicide,0.00066
2024,percentage,13 years and younger,,,,0,,,victims of intentional homicide,0.00052
2025,percentage,13 years and younger,,,,0,,,victims of intentional homicide,0.0009
2010,percentage,14 to under 18 years,,,,0,,,victims of intentional homicide,0.00068
2011,percentage,14 to under 18 years,,,,0,,,victims of intentional homicide,0.00068
2012,percentage,14 to under 18 years,,,,0,,,victims of intentional homicide,0.00015
2013,percentage,14 to under 18 years,,,,0,,,victims of intentional homicide,0.00030
2014,percentage,14 to under 18 years,,,,0,,,victims of intentional homicide,0.00038
2015,percentage,14 to under 18 years,,,,0,,,victims of intentional homicide,0.00036
2016,percentage,14 to under 18 years,,,,0,,,victims of intentional homicide,0.00090
2017,percentage,14 to under 18 years,,,,0,,,victims of intentional homicide,0.00011
2018,percentage,14 to under 18 years,,,,0,,,victims of intentional homicide,0.00037
2019,percentage,14 to under 18 years,,,,0,,,victims of intentional homicide,0.00030
2020,percentage,14 to under 18 years,,,,0,,,victims of intentional homicide,0.00033
2021,percentage,14 to under 18 years,,,,0,,,victims of intentional homicide,0.00038
2022,percentage,14 to under 18 years,,,,0,,,victims of intentional homicide,0.00046
2023,percentage,14 to under 18 years,,,,0,,,victims of intentional homicide,0.00055
2024,percentage,14 to under 18 years,,,,0,,,victims of intentional homicide,0.00048
2025,percentage,14 to under 18 years,,,,0,,,victims of intentional homicide,0.0012
2010,percentage,18 to under 21 years,,,,0,,,victims of intentional homicide,0.00137
2011,percentage,18 to under 21 years,,,,0,,,victims of intentional homicide,0.00114
2012,percentage,18 to under 21 years,,,,0,,,victims of intentional homicide,0.00093
2013,percentage,18 to under 21 years,,,,0,,,victims of intentional homicide,0.00061
2014,percentage,18 to under 21 years,,,,0,,,victims of intentional homicide,0.00081
2015,percentage,18 to under 21 years,,,,0,,,victims of intentional homicide,0.00070
2016,percentage,18 to under 21 years,,,,0,,,victims of intentional homicide,0.00164
2017,percentage,18 to under 21 years,,,,0,,,victims of intentional homicide,0.00062
2018,percentage,18 to under 21 years,,,,0,,,victims of intentional homicide,0.00102
2019,percentage,18 to under 21 years,,,,0,,,victims of intentional homicide,0.00064
2020,percentage,18 to under 21 years,,,,0,,,victims of intentional homicide,0.00088
2021,percentage,18 to under 21 years,,,,0,,,victims of intentional homicide,0.00082
2022,percentage,18 to under 21 years,,,,0,,,victims of intentional homicide,0.00098
2023,percentage,18 to under 21 years,,,,0,,,victims of intentional homicide,0.00075
2024,percentage,18 to under 21 years,,,,0,,,victims of intentional homicide,0.00111
2025,percentage,18 to under 21 years,,,,0,,,victims of intentional homicide,0.0014
2010,percentage,21 to under 60 years,,,,0,,,victims of intentional homicide,0.00101
2011,percentage,21 to under 60 years,,,,0,,,victims of intentional homicide,0.00098
2012,percentage,21 to under 60 years,,,,0,,,victims of intentional homicide,0.00083
2013,percentage,21 to under 60 years,,,,0,,,victims of intentional homicide,0.00087
2014,percentage,21 to under 60 years,,,,0,,,victims of intentional homicide,0.00094
2015,percentage,21 to under 60 years,,,,0,,,victims of intentional homicide,0.00079
2016,percentage,21 to under 60 years,,,,0,,,victims of intentional homicide,0.00122
2017,percentage,21 to under 60 years,,,,0,,,victims of intentional homicide,0.00096
2018,percentage,21 to under 60 years,,,,0,,,victims of intentional homicide,0.00103
2019,percentage,21 to under 60 years,,,,0,,,victims of intentional homicide,0.00082
2020,percentage,21 to under 60 years,,,,0,,,victims of intentional homicide,0.00089
2021,percentage,21 to under 60 years,,,,0,,,victims of intentional homicide,0.00080
2022,percentage,21 to under 60 years,,,,0,,,victims of intentional homicide,0.00079
2023,percentage,21 to under 60 years,,,,0,,,victims of intentional homicide,0.00102
2024,percentage,21 to under 60 years,,,,0,,,victims of intentional homicide,0.00098
2025,percentage,21 to under 60 years,,,,0,,,victims of intentional homicide,0.0014
2010,percentage,60 years and older,,,,0,,,victims of intentional homicide,0.00097
2011,percentage,60 years and older,,,,0,,,victims of intentional homicide,0.00086
2012,percentage,60 years and older,,,,0,,,victims of intentional homicide,0.00083
2013,percentage,60 years and older,,,,0,,,victims of intentional homicide,0.00097
2014,percentage,60 years and older,,,,0,,,victims of intentional homicide,0.00096
2015,percentage,60 years and older,,,,0,,,victims of intentional homicide,0.00109
2016,percentage,60 years and older,,,,0,,,victims of intentional homicide,0.00128
2017,percentage,60 years and older,,,,0,,,victims of intentional homicide,0.00136
2018,percentage,60 years and older,,,,0,,,victims of intentional homicide,0.00100
2019,percentage,60 years and older,,,,0,,,victims of intentional homicide,0.00085
2020,percentage,60 years and older,,,,0,,,victims of intentional homicide,0.00122
2021,percentage,60 years and older,,,,0,,,victims of intentional homicide,0.00100
2022,percentage,60 years and older,,,,0,,,victims of intentional homicide,0.00108
2023,percentage,60 years and older,,,,0,,,victims of intentional homicide,0.00094
2024,percentage,60 years and older,,,,0,,,victims of intentional homicide,0.00106
2025,percentage,60 years and older,,,,0,,,victims of intentional homicide,0.0014
2010,percentage,,female,,,0,,,victims of intentional homicide,0.00094
2011,percentage,,female,,,0,,,victims of intentional homicide,0.00082
2012,percentage,,female,,,0,,,victims of intentional homicide,0.00072
2013,percentage,,female,,,0,,,victims of intentional homicide,0.00080
2014,percentage,,female,,,0,,,victims of intentional homicide,0.00082
2015,percentage,,female,,,0,,,victims of intentional homicide,0.00079
2016,percentage,,female,,,0,,,victims of intentional homicide,0.00113
2017,percentage,,female,,,0,,,victims of intentional homicide,0.00091
2018,percentage,,female,,,0,,,victims of intentional homicide,0.00088
2019,percentage,,female,,,0,,,victims of intentional homicide,0.00066
2020,percentage,,female,,,0,,,victims of intentional homicide,0.00086
2021,percentage,,female,,,0,,,victims of intentional homicide,0.00081
2022,percentage,,female,,,0,,,victims of intentional homicide,0.00083
2023,percentage,,female,,,0,,,victims of intentional homicide,0.00089
2024,percentage,,female,,,0,,,victims of intentional homicide,0.00080
2025,percentage,,female,,,0,,,victims of intentional homicide,0.0013
2010,percentage,,male,,,0,,,victims of intentional homicide,0.00100
2011,percentage,,male,,,0,,,victims of intentional homicide,0.00102
2012,percentage,,male,,,0,,,victims of intentional homicide,0.00092
2013,percentage,,male,,,0,,,victims of intentional homicide,0.00090
2014,percentage,,male,,,0,,,victims of intentional homicide,0.00095
2015,percentage,,male,,,0,,,victims of intentional homicide,0.00088
2016,percentage,,male,,,0,,,victims of intentional homicide,0.00122
2017,percentage,,male,,,0,,,victims of intentional homicide,0.00107
2018,percentage,,male,,,0,,,victims of intentional homicide,0.00104
2019,percentage,,male,,,0,,,victims of intentional homicide,0.00086
2020,percentage,,male,,,0,,,victims of intentional homicide,0.00105
2021,percentage,,male,,,0,,,victims of intentional homicide,0.00089
2022,percentage,,male,,,0,,,victims of intentional homicide,0.00083
2023,percentage,,male,,,0,,,victims of intentional homicide,0.00096
2024,percentage,,male,,,0,,,victims of intentional homicide,0.00107
2025,percentage,,male,,,0,,,victims of intentional homicide,0.0014
2010,percentage,13 years and younger,female,,,0,,,victims of intentional homicide,0.00075
2011,percentage,13 years and younger,female,,,0,,,victims of intentional homicide,0.00054
2012,percentage,13 years and younger,female,,,0,,,victims of intentional homicide,0.00088
2013,percentage,13 years and younger,female,,,0,,,victims of intentional homicide,0.00084
2014,percentage,13 years and younger,female,,,0,,,victims of intentional homicide,0.00054
2015,percentage,13 years and younger,female,,,0,,,victims of intentional homicide,0.00055
2016,percentage,13 years and younger,female,,,0,,,victims of intentional homicide,0.00065
2017,percentage,13 years and younger,female,,,0,,,victims of intentional homicide,0.00060
2018,percentage,13 years and younger,female,,,0,,,victims of intentional homicide,0.00064
2019,percentage,13 years and younger,female,,,0,,,victims of intentional homicide,0.00036
2020,percentage,13 years and younger,female,,,0,,,victims of intentional homicide,0.00090
2021,percentage,13 years and younger,female,,,0,,,victims of intentional homicide,0.00090
2022,percentage,13 years and younger,female,,,0,,,victims of intentional homicide,0.00052
2023,percentage,13 years and younger,female,,,0,,,victims of intentional homicide,0.00074
2024,percentage,13 years and younger,female,,,0,,,victims of intentional homicide,0.00038
2025,percentage,13 years and younger,female,,,0,,,victims of intentional homicide,0.0009
2010,percentage,13 years and younger,male,,,0,,,victims of intentional homicide,0.00077
2011,percentage,13 years and younger,male,,,0,,,victims of intentional homicide,0.00104
2012,percentage,13 years and younger,male,,,0,,,victims of intentional homicide,0.00109
2013,percentage,13 years and younger,male,,,0,,,victims of intentional homicide,0.00062
2014,percentage,13 years and younger,male,,,0,,,victims of intentional homicide,0.00084
2015,percentage,13 years and younger,male,,,0,,,victims of intentional homicide,0.00077
2016,percentage,13 years and younger,male,,,0,,,victims of intentional homicide,0.00078
2017,percentage,13 years and younger,male,,,0,,,victims of intentional homicide,0.00079
2018,percentage,13 years and younger,male,,,0,,,victims of intentional homicide,0.00081
2019,percentage,13 years and younger,male,,,0,,,victims of intentional homicide,0.00058
2020,percentage,13 years and younger,male,,,0,,,victims of intentional homicide,0.00072
2021,percentage,13 years and younger,male,,,0,,,victims of intentional homicide,0.00080
2022,percentage,13 years and younger,male,,,0,,,victims of intentional homicide,0.00044
2023,percentage,13 years and younger,male,,,0,,,victims of intentional homicide,0.00059
2024,percentage,13 years and younger,male,,,0,,,victims of intentional homicide,0.00065
2025,percentage,13 years and younger,male,,,0,,,victims of intentional homicide,0.0008
2010,percentage,14 to under 18 years,female,,,0,,,victims of intentional homicide,0.00089
2011,percentage,14 to under 18 years,female,,,0,,,victims of intentional homicide,0.00062
2012,percentage,14 to under 18 years,female,,,‒,,,victims of intentional homicide,0.00000
2013,percentage,14 to under 18 years,female,,,0,,,victims of intentional homicide,0.00021
2014,percentage,14 to under 18 years,female,,,0,,,victims of intentional homicide,0.00026
2015,percentage,14 to under 18 years,female,,,0,,,victims of intentional homicide,0.00048
2016,percentage,14 to under 18 years,female,,,0,,,victims of intentional homicide,0.00118
2017,percentage,14 to under 18 years,female,,,0,,,victims of intentional homicide,5e-0500000
2018,percentage,14 to under 18 years,female,,,0,,,victims of intentional homicide,0.00044
2019,percentage,14 to under 18 years,female,,,0,,,victims of intentional homicide,0.00022
2020,percentage,14 to under 18 years,female,,,0,,,victims of intentional homicide,0.00022
2021,percentage,14 to under 18 years,female,,,0,,,victims of intentional homicide,0.00039
2022,percentage,14 to under 18 years,female,,,0,,,victims of intentional homicide,0.00082
2023,percentage,14 to under 18 years,female,,,0,,,victims of intentional homicide,0.00054
2024,percentage,14 to under 18 years,female,,,0,,,victims of intentional homicide,0.00047
2025,percentage,14 to under 18 years,female,,,0,,,victims of intentional homicide,0.0011
2010,percentage,14 to under 18 years,male,,,0,,,victims of intentional homicide,0.00048
2011,percentage,14 to under 18 years,male,,,0,,,victims of intentional homicide,0.00074
2012,percentage,14 to under 18 years,male,,,0,,,victims of intentional homicide,0.00029
2013,percentage,14 to under 18 years,male,,,0,,,victims of intentional homicide,0.00039
2014,percentage,14 to under 18 years,male,,,0,,,victims of intentional homicide,0.00049
2015,percentage,14 to under 18 years,male,,,0,,,victims of intentional homicide,0.00025
2016,percentage,14 to under 18 years,male,,,0,,,victims of intentional homicide,0.00065
2017,percentage,14 to under 18 years,male,,,0,,,victims of intentional homicide,0.00015
2018,percentage,14 to under 18 years,male,,,0,,,victims of intentional homicide,0.00031
2019,percentage,14 to under 18 years,male,,,0,,,victims of intentional homicide,0.00037
2020,percentage,14 to under 18 years,male,,,0,,,victims of intentional homicide,0.00042
2021,percentage,14 to under 18 years,male,,,0,,,victims of intentional homicide,0.00037
2022,percentage,14 to under 18 years,male,,,0,,,victims of intentional homicide,0.00013
2023,percentage,14 to under 18 years,male,,,0,,,victims of intentional homicide,0.00056
2024,percentage,14 to under 18 years,male,,,0,,,victims of intentional homicide,0.00050
2025,percentage,14 to under 18 years,male,,,0,,,victims of intentional homicide,0.0012
2010,percentage,18 to under 21 years,female,,,0,,,victims of intentional homicide,0.00140
2011,percentage,18 to under 21 years,female,,,0,,,victims of intentional homicide,0.00081
2012,percentage,18 to under 21 years,female,,,0,,,victims of intentional homicide,0.00083
2013,percentage,18 to under 21 years,female,,,0,,,victims of intentional homicide,0.00050
2014,percentage,18 to under 21 years,female,,,0,,,victims of intentional homicide,0.00075
2015,percentage,18 to under 21 years,female,,,0,,,victims of intentional homicide,0.00073
2016,percentage,18 to under 21 years,female,,,0,,,victims of intentional homicide,0.00145
2017,percentage,18 to under 21 years,female,,,0,,,victims of intentional homicide,0.00057
2018,percentage,18 to under 21 years,female,,,0,,,victims of intentional homicide,0.00099
2019,percentage,18 to under 21 years,female,,,0,,,victims of intentional homicide,0.00042
2020,percentage,18 to under 21 years,female,,,0,,,victims of intentional homicide,0.00052
2021,percentage,18 to under 21 years,female,,,0,,,victims of intentional homicide,0.00036
2022,percentage,18 to under 21 years,female,,,0,,,victims of intentional homicide,0.00070
2023,percentage,18 to under 21 years,female,,,0,,,victims of intentional homicide,0.00078
2024,percentage,18 to under 21 years,female,,,0,,,victims of intentional homicide,0.00111
2025,percentage,18 to under 21 years,female,,,0,,,victims of intentional homicide,0.0015
2010,percentage,18 to under 21 years,male,,,0,,,victims of intentional homicide,0.00133
2011,percentage,18 to under 21 years,male,,,0,,,victims of intentional homicide,0.00146
2012,percentage,18 to under 21 years,male,,,0,,,victims of intentional homicide,0.00102
2013,percentage,18 to under 21 years,male,,,0,,,victims of intentional homicide,0.00072
2014,percentage,18 to under 21 years,male,,,0,,,victims of intentional homicide,0.00087
2015,percentage,18 to under 21 years,male,,,0,,,victims of intentional homicide,0.00066
2016,percentage,18 to under 21 years,male,,,0,,,victims of intentional homicide,0.00182
2017,percentage,18 to under 21 years,male,,,0,,,victims of intentional homicide,0.00066
2018,percentage,18 to under 21 years,male,,,0,,,victims of intentional homicide,0.00105
2019,percentage,18 to under 21 years,male,,,0,,,victims of intentional homicide,0.00085
2020,percentage,18 to under 21 years,male,,,0,,,victims of intentional homicide,0.00121
2021,percentage,18 to under 21 years,male,,,0,,,victims of intentional homicide,0.00125
2022,percentage,18 to under 21 years,male,,,0,,,victims of intentional homicide,0.00124
2023,percentage,18 to under 21 years,male,,,0,,,victims of intentional homicide,0.00072
2024,percentage,18 to under 21 years,male,,,0,,,victims of intentional homicide,0.00110
2025,percentage,18 to under 21 years,male,,,0,,,victims of intentional homicide,0.0012
2010,percentage,21 to under 60 years,female,,,0,,,victims of intentional homicide,0.00093
2011,percentage,21 to under 60 years,female,,,0,,,victims of intentional homicide,0.00084
2012,percentage,21 to under 60 years,female,,,0,,,victims of intentional homicide,0.00065
2013,percentage,21 to under 60 years,female,,,0,,,victims of intentional homicide,0.00074
2014,percentage,21 to under 60 years,female,,,0,,,victims of intentional homicide,0.00084
2015,percentage,21 to under 60 years,female,,,0,,,victims of intentional homicide,0.00066
2016,percentage,21 to under 60 years,female,,,0,,,victims of intentional homicide,0.00111
2017,percentage,21 to under 60 years,female,,,0,,,victims of intentional homicide,0.00083
2018,percentage,21 to under 60 years,female,,,0,,,victims of intentional homicide,0.00087
2019,percentage,21 to under 60 years,female,,,0,,,victims of intentional homicide,0.00069
2020,percentage,21 to under 60 years,female,,,0,,,victims of intentional homicide,0.00068
2021,percentage,21 to under 60 years,female,,,0,,,victims of intentional homicide,0.00068
2022,percentage,21 to under 60 years,female,,,0,,,victims of intentional homicide,0.00066
2023,percentage,21 to under 60 years,female,,,0,,,victims of intentional homicide,0.00089
2024,percentage,21 to under 60 years,female,,,0,,,victims of intentional homicide,0.00073
2025,percentage,21 to under 60 years,female,,,0,,,victims of intentional homicide,0.0013
2010,percentage,21 to under 60 years,male,,,0,,,victims of intentional homicide,0.00110
2011,percentage,21 to under 60 years,male,,,0,,,victims of intentional homicide,0.00112
2012,percentage,21 to under 60 years,male,,,0,,,victims of intentional homicide,0.00101
2013,percentage,21 to under 60 years,male,,,0,,,victims of intentional homicide,0.00100
2014,percentage,21 to under 60 years,male,,,0,,,victims of intentional homicide,0.00103
2015,percentage,21 to under 60 years,male,,,0,,,victims of intentional homicide,0.00091
2016,percentage,21 to under 60 years,male,,,0,,,victims of intentional homicide,0.00132
2017,percentage,21 to under 60 years,male,,,0,,,victims of intentional homicide,0.00108
2018,percentage,21 to under 60 years,male,,,0,,,victims of intentional homicide,0.00119
2019,percentage,21 to under 60 years,male,,,0,,,victims of intentional homicide,0.00094
2020,percentage,21 to under 60 years,male,,,0,,,victims of intentional homicide,0.00110
2021,percentage,21 to under 60 years,male,,,0,,,victims of intentional homicide,0.00092
2022,percentage,21 to under 60 years,male,,,0,,,victims of intentional homicide,0.00093
2023,percentage,21 to under 60 years,male,,,0,,,victims of intentional homicide,0.00115
2024,percentage,21 to under 60 years,male,,,0,,,victims of intentional homicide,0.00123
2025,percentage,21 to under 60 years,male,,,0,,,victims of intentional homicide,0.0015
2010,percentage,60 years and older,female,,,0,,,victims of intentional homicide,0.00101
2011,percentage,60 years and older,female,,,0,,,victims of intentional homicide,0.00093
2012,percentage,60 years and older,female,,,0,,,victims of intentional homicide,0.00089
2013,percentage,60 years and older,female,,,0,,,victims of intentional homicide,0.00100
2014,percentage,60 years and older,female,,,0,,,victims of intentional homicide,0.00098
2015,percentage,60 years and older,female,,,0,,,victims of intentional homicide,0.00115
2016,percentage,60 years and older,female,,,0,,,victims of intentional homicide,0.00130
2017,percentage,60 years and older,female,,,0,,,victims of intentional homicide,0.00133
2018,percentage,60 years and older,female,,,0,,,victims of intentional homicide,0.00104
2019,percentage,60 years and older,female,,,0,,,victims of intentional homicide,0.00082
2020,percentage,60 years and older,female,,,0,,,victims of intentional homicide,0.00124
2021,percentage,60 years and older,female,,,0,,,victims of intentional homicide,0.00108
2022,percentage,60 years and older,female,,,0,,,victims of intentional homicide,0.00124
2023,percentage,60 years and older,female,,,0,,,victims of intentional homicide,0.00099
2024,percentage,60 years and older,female,,,0,,,victims of intentional homicide,0.00107
2025,percentage,60 years and older,female,,,0,,,victims of intentional homicide,0.0014
2010,percentage,60 years and older,male,,,0,,,victims of intentional homicide,0.00093
2011,percentage,60 years and older,male,,,0,,,victims of intentional homicide,0.00077
2012,percentage,60 years and older,male,,,0,,,victims of intentional homicide,0.00076
2013,percentage,60 years and older,male,,,0,,,victims of intentional homicide,0.00093
2014,percentage,60 years and older,male,,,0,,,victims of intentional homicide,0.00093
2015,percentage,60 years and older,male,,,0,,,victims of intentional homicide,0.00102
2016,percentage,60 years and older,male,,,0,,,victims of intentional homicide,0.00125
2017,percentage,60 years and older,male,,,0,,,victims of intentional homicide,0.00140
2018,percentage,60 years and older,male,,,0,,,victims of intentional homicide,0.00096
2019,percentage,60 years and older,male,,,0,,,victims of intentional homicide,0.00089
2020,percentage,60 years and older,male,,,0,,,victims of intentional homicide,0.00120
2021,percentage,60 years and older,male,,,0,,,victims of intentional homicide,0.00091
2022,percentage,60 years and older,male,,,0,,,victims of intentional homicide,0.00089
2023,percentage,60 years and older,male,,,0,,,victims of intentional homicide,0.00088
2024,percentage,60 years and older,male,,,0,,,victims of intentional homicide,0.00105
2025,percentage,60 years and older,male,,,0,,,victims of intentional homicide,0.0015
2012,percentage,,,,very safe,r,,,feeling of (in)security of the population in its neighbourhood (after dark),41.6
2017,percentage,,,,very safe,,,,feeling of (in)security of the population in its neighbourhood (after dark),36.7
2020,percentage,,,,very safe,|,,,feeling of (in)security of the population in its neighbourhood (after dark),25.8
2012,percentage,,,,safe,r,,,feeling of (in)security of the population in its neighbourhood (after dark),41.3
2017,percentage,,,,safe,,,,feeling of (in)security of the population in its neighbourhood (after dark),41.9
2020,percentage,,,,safe,|,,,feeling of (in)security of the population in its neighbourhood (after dark),46.3
2012,percentage,,,,unsafe,r,,,feeling of (in)security of the population in its neighbourhood (after dark),12.4
2017,percentage,,,,unsafe,,,,feeling of (in)security of the population in its neighbourhood (after dark),15.2
2020,percentage,,,,unsafe,|,,,feeling of (in)security of the population in its neighbourhood (after dark),22.2
2012,percentage,,,,very unsafe,r,,,feeling of (in)security of the population in its neighbourhood (after dark),4.7
2017,percentage,,,,very unsafe,,,,feeling of (in)security of the population in its neighbourhood (after dark),6.3
2020,percentage,,,,very unsafe,|,,,feeling of (in)security of the population in its neighbourhood (after dark),5.7
2012,percentage,,male,,very safe,,,,feeling of (in)security of the population in its neighbourhood (after dark),54.7
2017,percentage,,female,,very safe,,,,feeling of (in)security of the population in its neighbourhood (after dark),24.4
2020,percentage,,female,,very safe,|,,,feeling of (in)security of the population in its neighbourhood (after dark),15.8
2012,percentage,,male,,safe,,,,feeling of (in)security of the population in its neighbourhood (after dark),37.3
2017,percentage,,female,,safe,,,,feeling of (in)security of the population in its neighbourhood (after dark),43.7
2020,percentage,,female,,safe,|,,,feeling of (in)security of the population in its neighbourhood (after dark),45.5
2012,percentage,,male,,unsafe,,,,feeling of (in)security of the population in its neighbourhood (after dark),6.1
2017,percentage,,female,,unsafe,,,,feeling of (in)security of the population in its neighbourhood (after dark),22.0
2020,percentage,,female,,unsafe,|,,,feeling of (in)security of the population in its neighbourhood (after dark),30.1
2012,percentage,,male,,very unsafe,,,,feeling of (in)security of the population in its neighbourhood (after dark),1.9
2017,percentage,,female,,very unsafe,,,,feeling of (in)security of the population in its neighbourhood (after dark),9.9
2020,percentage,,female,,very unsafe,|,,,feeling of (in)security of the population in its neighbourhood (after dark),8.6
2012,percentage,,female,,very safe,,,,feeling of (in)security of the population in its neighbourhood (after dark),29.0
2017,percentage,,male,,very safe,,,,feeling of (in)security of the population in its neighbourhood (after dark),49.4
2020,percentage,,male,,very safe,|,,,feeling of (in)security of the population in its neighbourhood (after dark),36.2
2012,percentage,,female,,safe,,,,feeling of (in)security of the population in its neighbourhood (after dark),45.1
2017,percentage,,male,,safe,,,,feeling of (in)security of the population in its neighbourhood (after dark),40.0
2020,percentage,,male,,safe,|,,,feeling of (in)security of the population in its neighbourhood (after dark),47.1
2012,percentage,,female,,unsafe,,,,feeling of (in)security of the population in its neighbourhood (after dark),18.4
2017,percentage,,male,,unsafe,,,,feeling of (in)security of the population in its neighbourhood (after dark),8.1
2020,percentage,,male,,unsafe,|,,,feeling of (in)security of the population in its neighbourhood (after dark),14.0
2012,percentage,,female,,very unsafe,,,,feeling of (in)security of the population in its neighbourhood (after dark),7.4
2017,percentage,,male,,very unsafe,,,,feeling of (in)security of the population in its neighbourhood (after dark),2.6
2020,percentage,,male,,very unsafe,|,,,feeling of (in)security of the population in its neighbourhood (after dark),2.7
2012,percentage,16 to under 25 years,,,very safe,,,,feeling of (in)security of the population in its neighbourhood (after dark),41.4
2017,percentage,16 to under 25 years,,,very safe,,,,feeling of (in)security of the population in its neighbourhood (after dark),38.8
2020,percentage,16 to under 25 years,,,very safe,|,,,feeling of (in)security of the population in its neighbourhood (after dark),32.5
2012,percentage,16 to under 25 years,,,safe,,,,feeling of (in)security of the population in its neighbourhood (after dark),37.9
2017,percentage,16 to under 25 years,,,safe,,,,feeling of (in)security of the population in its neighbourhood (after dark),40.7
2020,percentage,16 to under 25 years,,,safe,|,,,feeling of (in)security of the population in its neighbourhood (after dark),38.2
2012,percentage,16 to under 25 years,,,unsafe,,,,feeling of (in)security of the population in its neighbourhood (after dark),14.8
2017,percentage,16 to under 25 years,,,unsafe,,,,feeling of (in)security of the population in its neighbourhood (after dark),15.0
2020,percentage,16 to under 25 years,,,unsafe,|,,,feeling of (in)security of the population in its neighbourhood (after dark),20.9
2012,percentage,16 to under 25 years,,,very unsafe,,,,feeling of (in)security of the population in its neighbourhood (after dark),5.9
2017,percentage,16 to under 25 years,,,very unsafe,,,,feeling of (in)security of the population in its neighbourhood (after dark),5.5
2020,percentage,16 to under 25 years,,,very unsafe,|,,,feeling of (in)security of the population in its neighbourhood (after dark),8.3
2012,percentage,25 to under 35 years,,,very safe,,,,feeling of (in)security of the population in its neighbourhood (after dark),44.0
2017,percentage,25 to under 35 years,,,very safe,,,,feeling of (in)security of the population in its neighbourhood (after dark),39.2
2020,percentage,25 to under 35 years,,,very safe,|,,,feeling of (in)security of the population in its neighbourhood (after dark),32.3
2012,percentage,25 to under 35 years,,,safe,,,,feeling of (in)security of the population in its neighbourhood (after dark),43.4
2017,percentage,25 to under 35 years,,,safe,,,,feeling of (in)security of the population in its neighbourhood (after dark),42.9
2020,percentage,25 to under 35 years,,,safe,|,,,feeling of (in)security of the population in its neighbourhood (after dark),43.0
2012,percentage,25 to under 35 years,,,unsafe,,,,feeling of (in)security of the population in its neighbourhood (after dark),8.7
2017,percentage,25 to under 35 years,,,unsafe,,,,feeling of (in)security of the population in its neighbourhood (after dark),12.9
2020,percentage,25 to under 35 years,,,unsafe,|,,,feeling of (in)security of the population in its neighbourhood (after dark),19.2
2012,percentage,25 to under 35 years,,,very unsafe,,,,feeling of (in)security of the population in its neighbourhood (after dark),3.9
2017,percentage,25 to under 35 years,,,very unsafe,,,,feeling of (in)security of the population in its neighbourhood (after dark),5.0
2020,percentage,25 to under 35 years,,,very unsafe,|,,,feeling of (in)security of the population in its neighbourhood (after dark),5.4
2012,percentage,35 to under 45 years,,,very safe,,,,feeling of (in)security of the population in its neighbourhood (after dark),47.2
2017,percentage,35 to under 45 years,,,very safe,,,,feeling of (in)security of the population in its neighbourhood (after dark),40.1
2020,percentage,35 to under 45 years,,,very safe,|,,,feeling of (in)security of the population in its neighbourhood (after dark),31.3
2012,percentage,35 to under 45 years,,,safe,,,,feeling of (in)security of the population in its neighbourhood (after dark),41.4
2017,percentage,35 to under 45 years,,,safe,,,,feeling of (in)security of the population in its neighbourhood (after dark),41.4
2020,percentage,35 to under 45 years,,,safe,|,,,feeling of (in)security of the population in its neighbourhood (after dark),45.5
2012,percentage,35 to under 45 years,,,unsafe,,,,feeling of (in)security of the population in its neighbourhood (after dark),8.6
2017,percentage,35 to under 45 years,,,unsafe,,,,feeling of (in)security of the population in its neighbourhood (after dark),13.3
2020,percentage,35 to under 45 years,,,unsafe,|,,,feeling of (in)security of the population in its neighbourhood (after dark),18.9
2012,percentage,35 to under 45 years,,,very unsafe,,,,feeling of (in)security of the population in its neighbourhood (after dark),2.8
2017,percentage,35 to under 45 years,,,very unsafe,,,,feeling of (in)security of the population in its neighbourhood (after dark),5.2
2020,percentage,35 to under 45 years,,,very unsafe,|,,,feeling of (in)security of the population in its neighbourhood (after dark),4.3
2012,percentage,45 to under 55 years,,,very safe,,,,feeling of (in)security of the population in its neighbourhood (after dark),45.7
2017,percentage,45 to under 55 years,,,very safe,,,,feeling of (in)security of the population in its neighbourhood (after dark),39.9
2020,percentage,45 to under 55 years,,,very safe,|,,,feeling of (in)security of the population in its neighbourhood (after dark),28.3
2012,percentage,45 to under 55 years,,,safe,,,,feeling of (in)security of the population in its neighbourhood (after dark),42.7
2017,percentage,45 to under 55 years,,,safe,,,,feeling of (in)security of the population in its neighbourhood (after dark),42.6
2020,percentage,45 to under 55 years,,,safe,|,,,feeling of (in)security of the population in its neighbourhood (after dark),46.9
2012,percentage,45 to under 55 years,,,unsafe,,,,feeling of (in)security of the population in its neighbourhood (after dark),8.7
2017,percentage,45 to under 55 years,,,unsafe,,,,feeling of (in)security of the population in its neighbourhood (after dark),12.0
2020,percentage,45 to under 55 years,,,unsafe,|,,,feeling of (in)security of the population in its neighbourhood (after dark),20.0
2012,percentage,45 to under 55 years,,,very unsafe,,,,feeling of (in)security of the population in its neighbourhood (after dark),2.9
2017,percentage,45 to under 55 years,,,very unsafe,,,,feeling of (in)security of the population in its neighbourhood (after dark),5.5
2020,percentage,45 to under 55 years,,,very unsafe,|,,,feeling of (in)security of the population in its neighbourhood (after dark),4.8
2012,percentage,55 to under 65 years,,,very safe,,,,feeling of (in)security of the population in its neighbourhood (after dark),43.1
2017,percentage,55 to under 65 years,,,very safe,,,,feeling of (in)security of the population in its neighbourhood (after dark),37.6
2020,percentage,55 to under 65 years,,,very safe,|,,,feeling of (in)security of the population in its neighbourhood (after dark),24.1
2012,percentage,55 to under 65 years,,,safe,,,,feeling of (in)security of the population in its neighbourhood (after dark),42.1
2017,percentage,55 to under 65 years,,,safe,,,,feeling of (in)security of the population in its neighbourhood (after dark),42.9
2020,percentage,55 to under 65 years,,,safe,|,,,feeling of (in)security of the population in its neighbourhood (after dark),50.3
2012,percentage,55 to under 65 years,,,unsafe,,,,feeling of (in)security of the population in its neighbourhood (after dark),11.1
2017,percentage,55 to under 65 years,,,unsafe,,,,feeling of (in)security of the population in its neighbourhood (after dark),13.9
2020,percentage,55 to under 65 years,,,unsafe,|,,,feeling of (in)security of the population in its neighbourhood (after dark),20.8
2012,percentage,55 to under 65 years,,,very unsafe,,,,feeling of (in)security of the population in its neighbourhood (after dark),3.8
2017,percentage,55 to under 65 years,,,very unsafe,,,,feeling of (in)security of the population in its neighbourhood (after dark),5.6
2020,percentage,55 to under 65 years,,,very unsafe,|,,,feeling of (in)security of the population in its neighbourhood (after dark),4.8
2012,percentage,65 to under 75 years,,,very safe,,,,feeling of (in)security of the population in its neighbourhood (after dark),35.6
2017,percentage,65 to under 75 years,,,very safe,,,,feeling of (in)security of the population in its neighbourhood (after dark),32.8
2020,percentage,65 to under 75 years,,,very safe,|,,,feeling of (in)security of the population in its neighbourhood (after dark),18.9
2012,percentage,65 to under 75 years,,,safe,,,,feeling of (in)security of the population in its neighbourhood (after dark),42.2
2017,percentage,65 to under 75 years,,,safe,,,,feeling of (in)security of the population in its neighbourhood (after dark),41.4
2020,percentage,65 to under 75 years,,,safe,|,,,feeling of (in)security of the population in its neighbourhood (after dark),49.4
2012,percentage,65 to under 75 years,,,unsafe,,,,feeling of (in)security of the population in its neighbourhood (after dark),16.3
2017,percentage,65 to under 75 years,,,unsafe,,,,feeling of (in)security of the population in its neighbourhood (after dark),18.4
2020,percentage,65 to under 75 years,,,unsafe,|,,,feeling of (in)security of the population in its neighbourhood (after dark),26.1
2012,percentage,65 to under 75 years,,,very unsafe,,,,feeling of (in)security of the population in its neighbourhood (after dark),5.9
2017,percentage,65 to under 75 years,,,very unsafe,,,,feeling of (in)security of the population in its neighbourhood (after dark),7.3
2020,percentage,65 to under 75 years,,,very unsafe,|,,,feeling of (in)security of the population in its neighbourhood (after dark),5.7
2012,percentage,75 years and older,,,very safe,,,,feeling of (in)security of the population in its neighbourhood (after dark),26.9
2017,percentage,75 years and older,,,very safe,,,,feeling of (in)security of the population in its neighbourhood (after dark),25.9
2020,percentage,75 years and older,,,very safe,|,,,feeling of (in)security of the population in its neighbourhood (after dark),11.6
2012,percentage,75 years and older,,,safe,,,,feeling of (in)security of the population in its neighbourhood (after dark),37.4
2017,percentage,75 years and older,,,safe,,,,feeling of (in)security of the population in its neighbourhood (after dark),40.3
2020,percentage,75 years and older,,,safe,|,,,feeling of (in)security of the population in its neighbourhood (after dark),48.4
2012,percentage,75 years and older,,,unsafe,,,,feeling of (in)security of the population in its neighbourhood (after dark),24.8
2017,percentage,75 years and older,,,unsafe,,,,feeling of (in)security of the population in its neighbourhood (after dark),23.1
2020,percentage,75 years and older,,,unsafe,|,,,feeling of (in)security of the population in its neighbourhood (after dark),31.8
2012,percentage,75 years and older,,,very unsafe,,,,feeling of (in)security of the population in its neighbourhood (after dark),10.9
2017,percentage,75 years and older,,,very unsafe,,,,feeling of (in)security of the population in its neighbourhood (after dark),10.7
2020,percentage,75 years and older,,,very unsafe,,,,feeling of (in)security of the population in its neighbourhood (after dark),8.2
