Year,Series,Units,Age group,Sex,COMMENT_OBS_0,COMMENT_OBS_1,COMMENT_OBS_2,Value
2010,NEET rates from young people,,,,|,,,8.3
2011,NEET rates from young people,,,,|,,,7.5
2012,NEET rates from young people,,,,|,,,7.1
2013,NEET rates from young people,,,,,,,6.3
2014,NEET rates from young people,,,,,,,6.4
2015,NEET rates from young people,,,,,,,6.2
2016,NEET rates from young people,,,,,,,6.7
2017,NEET rates from young people,,,,,,,6.3
2018,NEET rates from young people,,,,,,,5.9
2019,NEET rates from young people,,,,,,,5.7
2020,NEET rates from young people,,,,|,,,7.4
2021,NEET rates from young people,,,,|,,,7.7
2022,NEET rates from young people,,,,,,,6.9
2023,NEET rates from young people,,,,,,,7.5
2024,NEET rates from young people,,,,|,r,,7.7
2025,NEET rates from young people,,,,,,,8.2
2010,NEET rates from young people,,,Female,|,,,9.0
2011,NEET rates from young people,,,Female,|,,,8.3
2012,NEET rates from young people,,,Female,|,,,7.9
2013,NEET rates from young people,,,Female,,,,7.0
2014,NEET rates from young people,,,Female,,,,7.2
2015,NEET rates from young people,,,Female,,,,7.0
2016,NEET rates from young people,,,Female,,,,7.4
2017,NEET rates from young people,,,Female,,,,6.7
2018,NEET rates from young people,,,Female,,,,6.5
2019,NEET rates from young people,,,Female,,,,6.2
2020,NEET rates from young people,,,Female,|,,,7.6
2021,NEET rates from young people,,,Female,|,,,7.8
2022,NEET rates from young people,,,Female,,,,7.4
2023,NEET rates from young people,,,Female,,,,7.8
2024,NEET rates from young people,,,Female,|,,,7.9
2025,NEET rates from young people,,,Female,,,,8.4
2010,NEET rates from young people,,,Male,|,,,7.6
2011,NEET rates from young people,,,Male,|,,,6.7
2012,NEET rates from young people,,,Male,|,,,6.3
2013,NEET rates from young people,,,Male,,,,5.6
2014,NEET rates from young people,,,Male,,,,5.5
2015,NEET rates from young people,,,Male,,,,5.4
2016,NEET rates from young people,,,Male,,,,6.1
2017,NEET rates from young people,,,Male,,,,5.8
2018,NEET rates from young people,,,Male,,,,5.4
2019,NEET rates from young people,,,Male,,,,5.2
2020,NEET rates from young people,,,Male,|,,,7.2
2021,NEET rates from young people,,,Male,|,,,7.6
2022,NEET rates from young people,,,Male,,,,6.4
2023,NEET rates from young people,,,Male,,,,7.2
2024,NEET rates from young people,,,Male,|,,,7.6
2025,NEET rates from young people,,,Male,,,,8.0
2010,"Potential years of life lost (PYLL), all causes",Number,65 years and younger,,,,,1748471.0
2011,"Potential years of life lost (PYLL), all causes",Number,65 years and younger,,,,,1717187.0
2012,"Potential years of life lost (PYLL), all causes",Number,65 years and younger,,,,,1649642.0
2013,"Potential years of life lost (PYLL), all causes",Number,65 years and younger,,,,,1652128.0
2014,"Potential years of life lost (PYLL), all causes",Number,65 years and younger,,,,,1602005.0
2015,"Potential years of life lost (PYLL), all causes",Number,65 years and younger,,,,,1650476.0
2016,"Potential years of life lost (PYLL), all causes",Number,65 years and younger,,,,,1643386.0
2017,"Potential years of life lost (PYLL), all causes",Number,65 years and younger,,,,,1581025.0
2018,"Potential years of life lost (PYLL), all causes",Number,65 years and younger,,,,,1589991.0
2019,"Potential years of life lost (PYLL), all causes",Number,65 years and younger,,,,,1536064.0
2020,"Potential years of life lost (PYLL), all causes",Number,65 years and younger,,,,,1524470.0
2021,"Potential years of life lost (PYLL), all causes",Number,65 years and younger,,,,,1574888.0
2022,"Potential years of life lost (PYLL), all causes",Number,65 years and younger,,,,,1563255.0
2023,"Potential years of life lost (PYLL), all causes",Number,65 years and younger,,,,,1507640.0
2024,"Potential years of life lost (PYLL), all causes",Number,65 years and younger,,,,,1470777.0
2010,"Potential years of life lost (PYLL), all causes",Number,65 years and younger,Female,,,,610793.0
2011,"Potential years of life lost (PYLL), all causes",Number,65 years and younger,Female,,,,607866.0
2012,"Potential years of life lost (PYLL), all causes",Number,65 years and younger,Female,,,,581116.0
2013,"Potential years of life lost (PYLL), all causes",Number,65 years and younger,Female,,,,590470.0
2014,"Potential years of life lost (PYLL), all causes",Number,65 years and younger,Female,,,,567157.0
2015,"Potential years of life lost (PYLL), all causes",Number,65 years and younger,Female,,,,588274.0
2016,"Potential years of life lost (PYLL), all causes",Number,65 years and younger,Female,,,,586016.0
2017,"Potential years of life lost (PYLL), all causes",Number,65 years and younger,Female,,,,570542.0
2018,"Potential years of life lost (PYLL), all causes",Number,65 years and younger,Female,,,,571723.0
2019,"Potential years of life lost (PYLL), all causes",Number,65 years and younger,Female,,,,550787.0
2020,"Potential years of life lost (PYLL), all causes",Number,65 years and younger,Female,,,,542329.0
2021,"Potential years of life lost (PYLL), all causes",Number,65 years and younger,Female,,,,556196.0
2022,"Potential years of life lost (PYLL), all causes",Number,65 years and younger,Female,,,,560819.0
2023,"Potential years of life lost (PYLL), all causes",Number,65 years and younger,Female,,,,538504.0
2024,"Potential years of life lost (PYLL), all causes",Number,65 years and younger,Female,,,,532591.0
2010,"Potential years of life lost (PYLL), all causes",Number,65 years and younger,Male,,,,1137678.0
2011,"Potential years of life lost (PYLL), all causes",Number,65 years and younger,Male,,,,1109321.0
2012,"Potential years of life lost (PYLL), all causes",Number,65 years and younger,Male,,,,1068526.0
2013,"Potential years of life lost (PYLL), all causes",Number,65 years and younger,Male,,,,1061659.0
2014,"Potential years of life lost (PYLL), all causes",Number,65 years and younger,Male,,,,1034848.0
2015,"Potential years of life lost (PYLL), all causes",Number,65 years and younger,Male,,,,1062202.0
2016,"Potential years of life lost (PYLL), all causes",Number,65 years and younger,Male,,,,1057242.0
2017,"Potential years of life lost (PYLL), all causes",Number,65 years and younger,Male,,,,1010141.0
2018,"Potential years of life lost (PYLL), all causes",Number,65 years and younger,Male,,,,1018268.0
2019,"Potential years of life lost (PYLL), all causes",Number,65 years and younger,Male,,,,985278.0
2020,"Potential years of life lost (PYLL), all causes",Number,65 years and younger,Male,,,,982141.0
2021,"Potential years of life lost (PYLL), all causes",Number,65 years and younger,Male,,,,1018692.0
2022,"Potential years of life lost (PYLL), all causes",Number,65 years and younger,Male,,,,1002436.0
2023,"Potential years of life lost (PYLL), all causes",Number,65 years and younger,Male,,,,969136.0
2024,"Potential years of life lost (PYLL), all causes",Number,65 years and younger,Male,,,,938186.0
2010,"Potential years of life lost (PYLL), all causes",Number,70 years and younger,,,,,2593473.0
2011,"Potential years of life lost (PYLL), all causes",Number,70 years and younger,,,,,2550722.0
2012,"Potential years of life lost (PYLL), all causes",Number,70 years and younger,,,,,2469145.0
2013,"Potential years of life lost (PYLL), all causes",Number,70 years and younger,,,,,2485111.0
2014,"Potential years of life lost (PYLL), all causes",Number,70 years and younger,,,,,2414512.0
2015,"Potential years of life lost (PYLL), all causes",Number,70 years and younger,,,,,2496291.0
2016,"Potential years of life lost (PYLL), all causes",Number,70 years and younger,,,,,2493926.0
2017,"Potential years of life lost (PYLL), all causes",Number,70 years and younger,,,,,2422408.0
2018,"Potential years of life lost (PYLL), all causes",Number,70 years and younger,,,,,2452046.0
2019,"Potential years of life lost (PYLL), all causes",Number,70 years and younger,,,,,2377659.0
2020,"Potential years of life lost (PYLL), all causes",Number,70 years and younger,,,,,2381255.0
2021,"Potential years of life lost (PYLL), all causes",Number,70 years and younger,,,,,2476588.0
2022,"Potential years of life lost (PYLL), all causes",Number,70 years and younger,,,,,2460607.0
2023,"Potential years of life lost (PYLL), all causes",Number,70 years and younger,,,,,2378755.0
2024,"Potential years of life lost (PYLL), all causes",Number,70 years and younger,,,,,2319712.0
2010,"Potential years of life lost (PYLL), all causes",Number,70 years and younger,Female,,,,903281.0
2011,"Potential years of life lost (PYLL), all causes",Number,70 years and younger,Female,,,,901731.0
2012,"Potential years of life lost (PYLL), all causes",Number,70 years and younger,Female,,,,868456.0
2013,"Potential years of life lost (PYLL), all causes",Number,70 years and younger,Female,,,,885470.0
2014,"Potential years of life lost (PYLL), all causes",Number,70 years and younger,Female,,,,853552.0
2015,"Potential years of life lost (PYLL), all causes",Number,70 years and younger,Female,,,,886614.0
2016,"Potential years of life lost (PYLL), all causes",Number,70 years and younger,Female,,,,887473.0
2017,"Potential years of life lost (PYLL), all causes",Number,70 years and younger,Female,,,,870479.0
2018,"Potential years of life lost (PYLL), all causes",Number,70 years and younger,Female,,,,879438.0
2019,"Potential years of life lost (PYLL), all causes",Number,70 years and younger,Female,,,,850887.0
2020,"Potential years of life lost (PYLL), all causes",Number,70 years and younger,Female,,,,843317.0
2021,"Potential years of life lost (PYLL), all causes",Number,70 years and younger,Female,,,,870941.0
2022,"Potential years of life lost (PYLL), all causes",Number,70 years and younger,Female,,,,880286.0
2023,"Potential years of life lost (PYLL), all causes",Number,70 years and younger,Female,,,,849662.0
2024,"Potential years of life lost (PYLL), all causes",Number,70 years and younger,Female,,,,838211.0
2010,"Potential years of life lost (PYLL), all causes",Number,70 years and younger,Male,,,,1690193.0
2011,"Potential years of life lost (PYLL), all causes",Number,70 years and younger,Male,,,,1648991.0
2012,"Potential years of life lost (PYLL), all causes",Number,70 years and younger,Male,,,,1600689.0
2013,"Potential years of life lost (PYLL), all causes",Number,70 years and younger,Male,,,,1599641.0
2014,"Potential years of life lost (PYLL), all causes",Number,70 years and younger,Male,,,,1560960.0
2015,"Potential years of life lost (PYLL), all causes",Number,70 years and younger,Male,,,,1609677.0
2016,"Potential years of life lost (PYLL), all causes",Number,70 years and younger,Male,,,,1606314.0
2017,"Potential years of life lost (PYLL), all causes",Number,70 years and younger,Male,,,,1551551.0
2018,"Potential years of life lost (PYLL), all causes",Number,70 years and younger,Male,,,,1572608.0
2019,"Potential years of life lost (PYLL), all causes",Number,70 years and younger,Male,,,,1526773.0
2020,"Potential years of life lost (PYLL), all causes",Number,70 years and younger,Male,,,,1537939.0
2021,"Potential years of life lost (PYLL), all causes",Number,70 years and younger,Male,,,,1605647.0
2022,"Potential years of life lost (PYLL), all causes",Number,70 years and younger,Male,,,,1580321.0
2023,"Potential years of life lost (PYLL), all causes",Number,70 years and younger,Male,,,,1529094.0
2024,"Potential years of life lost (PYLL), all causes",Number,70 years and younger,Male,,,,1481501.0
2010,"Potential years of life lost (PYLL), all causes","Per 100,000 inhabitants",65 years and younger,,,,,2695.0
2011,"Potential years of life lost (PYLL), all causes","Per 100,000 inhabitants",65 years and younger,,,,,2689.0
2012,"Potential years of life lost (PYLL), all causes","Per 100,000 inhabitants",65 years and younger,,,,,2570.0
2013,"Potential years of life lost (PYLL), all causes","Per 100,000 inhabitants",65 years and younger,,,,,2565.0
2014,"Potential years of life lost (PYLL), all causes","Per 100,000 inhabitants",65 years and younger,,,,,2472.0
2015,"Potential years of life lost (PYLL), all causes","Per 100,000 inhabitants",65 years and younger,,,,,2525.0
2016,"Potential years of life lost (PYLL), all causes","Per 100,000 inhabitants",65 years and younger,,,,,2494.0
2017,"Potential years of life lost (PYLL), all causes","Per 100,000 inhabitants",65 years and younger,,,,,2393.0
2018,"Potential years of life lost (PYLL), all causes","Per 100,000 inhabitants",65 years and younger,,,,,2410.0
2019,"Potential years of life lost (PYLL), all causes","Per 100,000 inhabitants",65 years and younger,,,,,2334.0
2020,"Potential years of life lost (PYLL), all causes","Per 100,000 inhabitants",65 years and younger,,,,,2330.0
2021,"Potential years of life lost (PYLL), all causes","Per 100,000 inhabitants",65 years and younger,,,,,2417.0
2022,"Potential years of life lost (PYLL), all causes","Per 100,000 inhabitants",65 years and younger,,,,,2437.0
2023,"Potential years of life lost (PYLL), all causes","Per 100,000 inhabitants",65 years and younger,,,,,2358.0
2024,"Potential years of life lost (PYLL), all causes","Per 100,000 inhabitants",65 years and younger,,,,,2322.0
2010,"Potential years of life lost (PYLL), all causes","Per 100,000 inhabitants",65 years and younger,Female,,,,1916.0
2011,"Potential years of life lost (PYLL), all causes","Per 100,000 inhabitants",65 years and younger,Female,,,,1927.0
2012,"Potential years of life lost (PYLL), all causes","Per 100,000 inhabitants",65 years and younger,Female,,,,1835.0
2013,"Potential years of life lost (PYLL), all causes","Per 100,000 inhabitants",65 years and younger,Female,,,,1859.0
2014,"Potential years of life lost (PYLL), all causes","Per 100,000 inhabitants",65 years and younger,Female,,,,1776.0
2015,"Potential years of life lost (PYLL), all causes","Per 100,000 inhabitants",65 years and younger,Female,,,,1829.0
2016,"Potential years of life lost (PYLL), all causes","Per 100,000 inhabitants",65 years and younger,Female,,,,1808.0
2017,"Potential years of life lost (PYLL), all causes","Per 100,000 inhabitants",65 years and younger,Female,,,,1754.0
2018,"Potential years of life lost (PYLL), all causes","Per 100,000 inhabitants",65 years and younger,Female,,,,1762.0
2019,"Potential years of life lost (PYLL), all causes","Per 100,000 inhabitants",65 years and younger,Female,,,,1702.0
2020,"Potential years of life lost (PYLL), all causes","Per 100,000 inhabitants",65 years and younger,Female,,,,1685.0
2021,"Potential years of life lost (PYLL), all causes","Per 100,000 inhabitants",65 years and younger,Female,,,,1735.0
2022,"Potential years of life lost (PYLL), all causes","Per 100,000 inhabitants",65 years and younger,Female,,,,1776.0
2023,"Potential years of life lost (PYLL), all causes","Per 100,000 inhabitants",65 years and younger,Female,,,,1713.0
2024,"Potential years of life lost (PYLL), all causes","Per 100,000 inhabitants",65 years and younger,Female,,,,1713.0
2010,"Potential years of life lost (PYLL), all causes","Per 100,000 inhabitants",65 years and younger,Male,,,,3456.0
2011,"Potential years of life lost (PYLL), all causes","Per 100,000 inhabitants",65 years and younger,Male,,,,3440.0
2012,"Potential years of life lost (PYLL), all causes","Per 100,000 inhabitants",65 years and younger,Male,,,,3292.0
2013,"Potential years of life lost (PYLL), all causes","Per 100,000 inhabitants",65 years and younger,Male,,,,3257.0
2014,"Potential years of life lost (PYLL), all causes","Per 100,000 inhabitants",65 years and younger,Male,,,,3152.0
2015,"Potential years of life lost (PYLL), all causes","Per 100,000 inhabitants",65 years and younger,Male,,,,3202.0
2016,"Potential years of life lost (PYLL), all causes","Per 100,000 inhabitants",65 years and younger,Male,,,,3159.0
2017,"Potential years of life lost (PYLL), all causes","Per 100,000 inhabitants",65 years and younger,Male,,,,3010.0
2018,"Potential years of life lost (PYLL), all causes","Per 100,000 inhabitants",65 years and younger,Male,,,,3037.0
2019,"Potential years of life lost (PYLL), all causes","Per 100,000 inhabitants",65 years and younger,Male,,,,2946.0
2020,"Potential years of life lost (PYLL), all causes","Per 100,000 inhabitants",65 years and younger,Male,,,,2953.0
2021,"Potential years of life lost (PYLL), all causes","Per 100,000 inhabitants",65 years and younger,Male,,,,3078.0
2022,"Potential years of life lost (PYLL), all causes","Per 100,000 inhabitants",65 years and younger,Male,,,,3077.0
2023,"Potential years of life lost (PYLL), all causes","Per 100,000 inhabitants",65 years and younger,Male,,,,2985.0
2024,"Potential years of life lost (PYLL), all causes","Per 100,000 inhabitants",65 years and younger,Male,,,,2912.0
2010,"Potential years of life lost (PYLL), all causes","Per 100,000 inhabitants",70 years and younger,,,,,3853.0
2011,"Potential years of life lost (PYLL), all causes","Per 100,000 inhabitants",70 years and younger,,,,,3849.0
2012,"Potential years of life lost (PYLL), all causes","Per 100,000 inhabitants",70 years and younger,,,,,3706.0
2013,"Potential years of life lost (PYLL), all causes","Per 100,000 inhabitants",70 years and younger,,,,,3710.0
2014,"Potential years of life lost (PYLL), all causes","Per 100,000 inhabitants",70 years and younger,,,,,3576.0
2015,"Potential years of life lost (PYLL), all causes","Per 100,000 inhabitants",70 years and younger,,,,,3657.0
2016,"Potential years of life lost (PYLL), all causes","Per 100,000 inhabitants",70 years and younger,,,,,3610.0
2017,"Potential years of life lost (PYLL), all causes","Per 100,000 inhabitants",70 years and younger,,,,,3483.0
2018,"Potential years of life lost (PYLL), all causes","Per 100,000 inhabitants",70 years and younger,,,,,3515.0
2019,"Potential years of life lost (PYLL), all causes","Per 100,000 inhabitants",70 years and younger,,,,,3402.0
2020,"Potential years of life lost (PYLL), all causes","Per 100,000 inhabitants",70 years and younger,,,,,3411.0
2021,"Potential years of life lost (PYLL), all causes","Per 100,000 inhabitants",70 years and younger,,,,,3549.0
2022,"Potential years of life lost (PYLL), all causes","Per 100,000 inhabitants",70 years and younger,,,,,3558.0
2023,"Potential years of life lost (PYLL), all causes","Per 100,000 inhabitants",70 years and younger,,,,,3435.0
2024,"Potential years of life lost (PYLL), all causes","Per 100,000 inhabitants",70 years and younger,,,,,3363.0
2010,"Potential years of life lost (PYLL), all causes","Per 100,000 inhabitants",70 years and younger,Female,,,,2716.0
2011,"Potential years of life lost (PYLL), all causes","Per 100,000 inhabitants",70 years and younger,Female,,,,2741.0
2012,"Potential years of life lost (PYLL), all causes","Per 100,000 inhabitants",70 years and younger,Female,,,,2628.0
2013,"Potential years of life lost (PYLL), all causes","Per 100,000 inhabitants",70 years and younger,Female,,,,2667.0
2014,"Potential years of life lost (PYLL), all causes","Per 100,000 inhabitants",70 years and younger,Female,,,,2552.0
2015,"Potential years of life lost (PYLL), all causes","Per 100,000 inhabitants",70 years and younger,Female,,,,2625.0
2016,"Potential years of life lost (PYLL), all causes","Per 100,000 inhabitants",70 years and younger,Female,,,,2597.0
2017,"Potential years of life lost (PYLL), all causes","Per 100,000 inhabitants",70 years and younger,Female,,,,2529.0
2018,"Potential years of life lost (PYLL), all causes","Per 100,000 inhabitants",70 years and younger,Female,,,,2550.0
2019,"Potential years of life lost (PYLL), all causes","Per 100,000 inhabitants",70 years and younger,Female,,,,2463.0
2020,"Potential years of life lost (PYLL), all causes","Per 100,000 inhabitants",70 years and younger,Female,,,,2444.0
2021,"Potential years of life lost (PYLL), all causes","Per 100,000 inhabitants",70 years and younger,Female,,,,2525.0
2022,"Potential years of life lost (PYLL), all causes","Per 100,000 inhabitants",70 years and younger,Female,,,,2575.0
2023,"Potential years of life lost (PYLL), all causes","Per 100,000 inhabitants",70 years and younger,Female,,,,2484.0
2024,"Potential years of life lost (PYLL), all causes","Per 100,000 inhabitants",70 years and younger,Female,,,,2464.0
2010,"Potential years of life lost (PYLL), all causes","Per 100,000 inhabitants",70 years and younger,Male,,,,4971.0
2011,"Potential years of life lost (PYLL), all causes","Per 100,000 inhabitants",70 years and younger,Male,,,,4949.0
2012,"Potential years of life lost (PYLL), all causes","Per 100,000 inhabitants",70 years and younger,Male,,,,4774.0
2013,"Potential years of life lost (PYLL), all causes","Per 100,000 inhabitants",70 years and younger,Male,,,,4742.0
2014,"Potential years of life lost (PYLL), all causes","Per 100,000 inhabitants",70 years and younger,Male,,,,4587.0
2015,"Potential years of life lost (PYLL), all causes","Per 100,000 inhabitants",70 years and younger,Male,,,,4671.0
2016,"Potential years of life lost (PYLL), all causes","Per 100,000 inhabitants",70 years and younger,Male,,,,4602.0
2017,"Potential years of life lost (PYLL), all causes","Per 100,000 inhabitants",70 years and younger,Male,,,,4416.0
2018,"Potential years of life lost (PYLL), all causes","Per 100,000 inhabitants",70 years and younger,Male,,,,4459.0
2019,"Potential years of life lost (PYLL), all causes","Per 100,000 inhabitants",70 years and younger,Male,,,,4319.0
2020,"Potential years of life lost (PYLL), all causes","Per 100,000 inhabitants",70 years and younger,Male,,,,4355.0
2021,"Potential years of life lost (PYLL), all causes","Per 100,000 inhabitants",70 years and younger,Male,,,,4549.0
2022,"Potential years of life lost (PYLL), all causes","Per 100,000 inhabitants",70 years and younger,Male,,,,4517.0
2023,"Potential years of life lost (PYLL), all causes","Per 100,000 inhabitants",70 years and younger,Male,,,,4365.0
2024,"Potential years of life lost (PYLL), all causes","Per 100,000 inhabitants",70 years and younger,Male,,,,4241.0
